design_id,backbone_id,topology,sequence,mpnn_score,esm_plausibility,clash_score,packing_density_sc_proxy,developability_passed,composite_score,selectivity_margin,is_selective_design
r0_c6_helix_hairpin_s1,r0_c6_helix_hairpin,helix_hairpin,ELKKALEEIKKELEKEKKKAEEEKKKVLKGGGKGEKEKALKEIKKKLEKAKEKAEKERKKVEEK,1.0277,0.943,0.025,0.063,True,0.5291,0.0099,False
r0_c6_helix_hairpin_s2,r0_c6_helix_hairpin,helix_hairpin,KLEEELKKIEEELKKEKEKAEKEKEKIKKGGGSEAKELALKKIEEELKKAKKKAEEEKEKVKKK,1.0252,0.9436,0.025,0.063,True,0.5222,0.0099,False
r0_c6_helix_hairpin_s3,r0_c6_helix_hairpin,helix_hairpin,EKEKELEKIKKELKKAKEEAEKKLKEIEKGGGKKEKKEAIEKIKKKLEEKEKEAEEKKKKVEEK,1.0158,0.9443,0.025,0.063,True,0.5073,0.0082,False
r0_c6_helix_hairpin_s0,r0_c6_helix_hairpin,helix_hairpin,ALEKALEAIKKELEKAKKEAKEKVEKIKKGGGGGEKEKALEKIKKELEEAKKEAKKKVEEAKAK,0.9996,0.9443,0.025,0.063,True,0.4994,0.0087,False
r8_c6_helix_hairpin_s0,r8_c6_helix_hairpin,helix_hairpin,KKEELEKKIKEIKEKLEKEKKEIEEKIKKGGKKKEEEKKKILKELEEKEKKVEKEIEEEKKKLE,1.0273,0.9436,0.0219,0.0748,True,0.4965,0.0101,False
r4_c5_long_helix_capper_s0,r4_c5_long_helix_capper,long_helix_capper,SEELKKKKEEKKKLEKKKKKEEEKKKKEEEKKKKKEEEKKKKEEEAKKKKEEEEKKKLEELKKLK,1.186,0.9387,0.0462,0.1141,True,0.4945,0.0097,False
r8_c6_helix_hairpin_s3,r8_c6_helix_hairpin,helix_hairpin,KLEEFKKKIEEIKKKLEEEEKKLKEKLEKGGKSGEEEAKKLLEELKKKKEEIEKEIEEEKKKLE,1.0931,0.9441,0.0219,0.0748,True,0.4943,0.0103,False
r8_c6_helix_hairpin_s2,r8_c6_helix_hairpin,helix_hairpin,KEEELKKEEKEIKKKLEEEKKKLEEKLKKGGGKGKKEKEELLKKFEEKEKKIEEELKKKREELE,1.1047,0.9448,0.0219,0.0748,True,0.4889,0.0107,False
r4_c6_long_helix_capper_s1,r4_c6_long_helix_capper,long_helix_capper,KKKEEEEKLKEEEEKRKEEEEKKKEEEKEKKKEEEEKKKEEEKKKKEEEEKEKKKKEEEEKKKKE,1.0509,0.9445,0.0677,0.0934,True,0.4877,-0.0312,False
r0_c3_long_helix_capper_s2,r0_c3_long_helix_capper,long_helix_capper,KAKEEEEKKEEEEKKKKEEEKKKKEEEEKKKKEEEKKKKEEEKKKKEEEKKKEEKKKKEEEKKKK,0.9816,0.9431,0.0246,0.0573,True,0.4845,0.0048,False
r3_c5_scaffold_villin_s0,r3_c5_scaffold_villin,scaffold_villin,EPTEEEAKKLIGKTVEEAKKLSEEEQEKLYEERLKE,1.0116,0.9377,0.0778,0.2101,True,0.4823,0.0119,False
r4_c6_long_helix_capper_s2,r4_c6_long_helix_capper,long_helix_capper,KAEEEKKLKEKKEEEEKRKEEKEEEKKEEEEKRKEEEEEEKKEEEEKRKEEEEKEKKKKEEEEKK,1.1087,0.943,0.0677,0.0934,True,0.4819,-0.0305,False
r3_c5_scaffold_villin_s3,r3_c5_scaffold_villin,scaffold_villin,KPTEEEFKKLAGETLEEFKKLSKEEQEKLYKEKLKE,1.0575,0.9392,0.0778,0.2101,True,0.4806,0.0119,False
r5_c2_helix_hairpin_s1,r5_c2_helix_hairpin,helix_hairpin,SLEKKIEEKLKEIEEKKKKFEEELKKLKEQGKEGAEEELKKLEKEREKEFKELEKELEELIKKE,1.3289,0.9416,0.075,0.2219,True,0.4803,0.0102,False
r4_c5_long_helix_capper_s3,r4_c5_long_helix_capper,long_helix_capper,AEEEKEKLEEEEKKKKEEEEKKEREKKEKEKEEEEKKEREKKEKEKEEEEKKKEEEKKKKEEEKK,1.0588,0.9422,0.0462,0.1141,True,0.4793,,False
r3_c5_scaffold_villin_s2,r3_c5_scaffold_villin,scaffold_villin,EPTLEEAKKLLGTTLEEFKKLSKEEQEKAYEKNLKK,1.0968,0.9373,0.0778,0.2101,True,0.478,0.0122,False
r0_c3_long_helix_capper_s1,r0_c3_long_helix_capper,long_helix_capper,EKEKEEKEKEKKKEEKEKEEEKKKKEEEEKKKEEEEKKKKEEEEKKKEEEERKKEEEEKEKKAKE,1.0909,0.9475,0.0246,0.0573,True,0.4771,,False
r9_c4_long_helix_capper_s3,r9_c4_long_helix_capper,long_helix_capper,EEEKKKLEEEEKKKEEEKEKEEEEEEKKEEEEKEKEEEEEEKKEEEKKKEEEKKKEEEKKKKELE,1.0478,0.942,0.0338,0.0764,True,0.476,,False
r3_c5_scaffold_villin_s1,r3_c5_scaffold_villin,scaffold_villin,EPTKEEAEELIGKTVEEAKELSKEEQEELWEKRLKE,1.1248,0.9371,0.0778,0.2101,True,0.4753,0.0119,False
r4_c5_long_helix_capper_s1,r4_c5_long_helix_capper,long_helix_capper,KEEEEKKKKEKEEKEKEEKKKEEEEKKKKEKEEKKKEEEEKKKKEEEEKKKEEEEKKKKEEELLK,0.9847,0.9456,0.0462,0.1141,True,0.4746,,False
r4_c5_long_helix_capper_s2,r4_c5_long_helix_capper,long_helix_capper,EAERRREEEERRREEEEEEEEEERRRAREEEEEEEEEERRRAEEEREEEERRREEERREAERAAR,1.1106,0.945,0.0462,0.1141,True,0.4746,,False
r6_c4_helix_hairpin_s2,r6_c4_helix_hairpin,helix_hairpin,KEEEEKFKKKLKEKEKKLEEYKKEVEKKIEKGAKGKKIEEELKKKEKEYKKEIEELKKEFEKKK,1.1623,0.9423,0.0375,0.0951,True,0.474,,False
r2_c0_scaffold_villin_s2,r2_c0_scaffold_villin,scaffold_villin,KPTKEEAKKLIGKTVEEFKKLSKEEQKKAYEEKLKE,0.9627,0.9409,0.1,0.2044,True,0.4728,,False
r0_c5_scaffold_de_novo_3helix_s2,r0_c5_scaffold_de_novo_3helix,scaffold_de_novo_3helix,MSEEQIKEELKKFEEKLKEFEKKLKELGDNKEKYKPFIEELEKFEEEIEKFIEEIKKYIEQGHPEFEEYKKKAEELRKKVKEIKEKLKKEREG,0.996,0.9411,0.1462,0.2088,True,0.4724,0.0015,False
r5_c4_scaffold_villin_s0,r5_c4_scaffold_villin,scaffold_villin,EPTPEQLKKLIGKTLEEAKKLTPEEQKKLYEEKLKE,1.0367,0.9396,0.0444,0.1039,True,0.4723,,False
r5_c1_helix_hairpin_s0,r5_c1_helix_hairpin,helix_hairpin,FEEELKKIKEEIKKEKEKLKEEIKKKIEKGKLGGKEEAEKILREIKKKIKEEKEKLEKEIKELL,1.2571,0.9426,0.0281,0.1251,True,0.4713,,False
r0_c5_scaffold_de_novo_3helix_s3,r0_c5_scaffold_de_novo_3helix,scaffold_de_novo_3helix,MSEEEIKKKLEELKKELEEFKEELEELGESPEELEEKIEKLEEKVEKIEEFIKELEEYEKKGHPEVKKYKEEAKKIKEELEEIREKLKEKREG,0.9808,0.9407,0.1462,0.2088,True,0.4707,0.0009,False
r5_c0_helix_hairpin_s0,r5_c0_helix_hairpin,helix_hairpin,EVKKEAEKKMEELKKEGEKEEKKYKELIEKGEAKKKEEAKKKAEEAKKKYEEKIEKVKKEGEKK,1.0401,0.9438,0.1187,0.2287,True,0.4704,,False
r2_c4_helix_hairpin_s1,r2_c4_helix_hairpin,helix_hairpin,EEEKIKEKLKELEKKYKEEKEKIEKELKKGGKGGKEEGKKKLEELEKKKEEEKKEIEKKIKELK,1.081,0.9465,0.0469,0.1014,True,0.4698,,False
r7_c4_helix_hairpin_s2,r7_c4_helix_hairpin,helix_hairpin,KKEEWIKEAKKKLEEIEKEEKEAKKKAEKGGGGGAAKAALEKAKKEAEEKKKEVEKELEEKLKK,1.0042,0.9427,0.0406,0.1212,True,0.4697,,False
r5_c4_scaffold_villin_s1,r5_c4_scaffold_villin,scaffold_villin,KPTPEEAKKLLGTSVEEFKKLSPEEQKEAYEKYLKK,1.0472,0.9431,0.0444,0.1039,True,0.4696,,False
r2_c5_three_helix_bundle_s0,r2_c5_three_helix_bundle,three_helix_bundle,KKEEAEKKLKEIKEEAKKLLKEAKGKPEGIKKVVEKVKEKAKELKEEAEKGGGGEVGKKVKEEGKKLEEEAKKILKEE,0.87,0.941,0.0974,0.1098,True,0.4693,-0.0006,False
r7_c4_helix_hairpin_s0,r7_c4_helix_hairpin,helix_hairpin,EKEKAIKEAKKKLEEIEKKLKEAEEKAKKGGGKGEGKKALEEAKKEAEEEKKKVLKELEEKLKK,0.9603,0.946,0.0406,0.1212,True,0.4686,,False
r9_c4_long_helix_capper_s0,r9_c4_long_helix_capper,long_helix_capper,EEEKKKKEEEKKKKEEEEKKKEEEKKKEEEEKKKKEEEEKKKEEEEKEKKKKEEEKKKKEEKELK,1.0137,0.9475,0.0338,0.0764,True,0.4676,,False
r5_c0_helix_hairpin_s3,r5_c0_helix_hairpin,helix_hairpin,DIKKEAEEKAKKIEEEGKKEVEKYKEEIKKGGAKKKEQAKKEAKKKEEEYKKKIEEVKKEGLEL,1.0955,0.9365,0.1187,0.2287,True,0.4673,,False
r0_c5_scaffold_de_novo_3helix_s1,r0_c5_scaffold_de_novo_3helix,scaffold_de_novo_3helix,MSEEEIKKELEKFEKKLEEFKKELEELGEDKSKLEERIKELEEFVKELEEFIKKIEEVEKTGHPEYEKYKKKAEKIKEEVEEIRKKLEKKREG,0.979,0.9398,0.1462,0.2088,True,0.4672,-0.0,False
r2_c5_three_helix_bundle_s2,r2_c5_three_helix_bundle,three_helix_bundle,EREEAEKELEEIRKRAKERLEKAKAPEEAVQEVVKEVKEEAEKLKEEAEKGGGGEVGEEVKEEGEELVEEAEKILKEA,0.9929,0.9389,0.0974,0.1098,True,0.4656,-0.0004,False
r2_c0_scaffold_villin_s1,r2_c0_scaffold_villin,scaffold_villin,KPTEEELKKLIGKTYEEALKLSKEEQEKLYKERLKD,1.0768,0.9388,0.1,0.2044,True,0.4645,,False
r5_c2_helix_hairpin_s2,r5_c2_helix_hairpin,helix_hairpin,SLKELLEKYEEELKKEEEEFKKELEELKKNGKKKKEEELKKLVEEHKKKLKEKEEKKKKILEEY,1.2193,0.9389,0.075,0.2219,True,0.464,,False
r5_c2_helix_hairpin_s3,r5_c2_helix_hairpin,helix_hairpin,MLEEELKKAKEKLKKKIEEFKKKLEELKKKGKGKEEEALEKLKEEFEKEIKKIKEEIEKKLEEY,1.2099,0.9425,0.075,0.2219,True,0.4626,,False
r8_c2_three_helix_bundle_s2,r8_c2_three_helix_bundle,three_helix_bundle,EEKKWKEIKKKIKEEFEKLKKEAEGKEKAAEKLKEKAKEAKEKMEERIKEGGEGEVGKKYAKEIKEYGEKIAKEGEKK,1.0595,0.9387,0.0641,0.1624,True,0.4616,-0.0034,False
r7_c4_helix_hairpin_s3,r7_c4_helix_hairpin,helix_hairpin,KAEEAIKKAKKKLEEIEKELKKAEKKAKAGGGGGAGKAALEKAKKEAEEKKKEVEKKLEEELKK,0.9778,0.9452,0.0406,0.1212,True,0.4609,,False
r4_c6_long_helix_capper_s0,r4_c6_long_helix_capper,long_helix_capper,DLAKKLEEEKKKEEEEKKKKEEEKKKKEEEEKKKEEEKKKEKKEEEKKKEEEEEKKKKEEEKKLE,1.097,0.9429,0.0677,0.0934,True,0.4604,,False
r0_c5_scaffold_de_novo_3helix_s0,r0_c5_scaffold_de_novo_3helix,scaffold_de_novo_3helix,MSEEEIKKKLEEFKEKLKKFEEELKELGEDKSQYEKRIEDLDKFIEELESFIKEIEEVIKKGHPEYEKYKKEAKELAEKVKKIRDELEKIRNG,1.0524,0.9386,0.1462,0.2088,True,0.4599,-0.0023,False
r5_c2_helix_hairpin_s0,r5_c2_helix_hairpin,helix_hairpin,GLEEELKLEEEELKKLKEEFEEKIKKLKEEGKKGEEEELEKLKKEFEEKIKKLKEEIEKKLKEA,1.2298,0.9439,0.075,0.2219,True,0.4599,,False
r2_c0_scaffold_villin_s0,r2_c0_scaffold_villin,scaffold_villin,EPTPEEARRLLGRSVEEALELSPEEQERLYRERLAE,1.0865,0.9409,0.1,0.2044,True,0.4586,,False
r0_c3_long_helix_capper_s3,r0_c3_long_helix_capper,long_helix_capper,GAAALEEEEEEEEEEEEEEEEEEEEEEEEEEEEEEEEEEEEEEEEEEEEEEEEEEKEEEEEEELE,0.9616,0.9439,0.0246,0.0573,True,0.4583,,False
r8_c4_scaffold_de_novo_3helix_s1,r8_c4_scaffold_de_novo_3helix,scaffold_de_novo_3helix,MSKEEIEKELKKLEEELKKIKEDLKKLGENKEKYKELIEKLKKKIEEINAFVKKIDEVIAEGHPEFEKYRKKAQEIAKEVKKIREELEKEMNG,1.0193,0.9406,0.1505,0.1885,True,0.4582,,False
r4_c7_three_helix_bundle_s2,r4_c7_three_helix_bundle,three_helix_bundle,EYGKKAKKEIEKIKKEAKKYVEKGGGKEEIIKKLEEAVKKAKKIAEEAKKKGGGEGGKAAKKAAKEVEKEAKKIKKKL,0.7146,0.9419,0.1308,0.175,True,0.4579,0.0101,False
r8_c7_helix_hairpin_s2,r8_c7_helix_hairpin,helix_hairpin,EEKVKEIKEEYEKKKKELEEEKKKVEKEAKGGRAEEKLKEAKEEIEKKREEAEEEYKKKLEEIK,1.1415,0.9439,0.1062,0.1587,True,0.4579,,False
r9_c5_scaffold_de_novo_3helix_s2,r9_c5_scaffold_de_novo_3helix,scaffold_de_novo_3helix,MSKEEIEKKLKEFEKKLKEVKEKLKELGKNKEELEPFIKELEELEKELEKFIKELKEYEKKGHPEVKEYIEKAEKIRKEVKEIREKLEKERNG,0.9239,0.942,0.0344,0.1038,True,0.4579,,False
r6_c4_helix_hairpin_s1,r6_c4_helix_hairpin,helix_hairpin,EELLKRYKEELEEIKKKEEERIKKIKKEVEGEKKGEEIEKELEKEKEEIKKKIEERKKEFEKLL,1.2301,0.9425,0.0375,0.0951,True,0.4577,,False
r9_c5_scaffold_de_novo_3helix_s0,r9_c5_scaffold_de_novo_3helix,scaffold_de_novo_3helix,MSEEEIKKELEKLKKELKKFKEELKKLGKDKEEYEEFIKKLKEFEKKIDAFIKKIEKEIKKGHPEYEKYKKEAEKIRKEVEKIRKELEKKRKG,0.9245,0.9428,0.0344,0.1038,True,0.4575,,False
r2_c5_three_helix_bundle_s3,r2_c5_three_helix_bundle,three_helix_bundle,EEEKAEKELKKIKEEAKKLWKEAEGKKEGVKKVVKKVKEEAKKLKEKAEKGGGGPVGEKVKEEGKKLEKEAEERLKKA,0.8868,0.9369,0.0974,0.1098,True,0.4573,,False
r4_c3_three_helix_bundle_s2,r4_c3_three_helix_bundle,three_helix_bundle,SEEEVKKAKEELEAKKAQAKKIAAGGKEAGAKAYKEVAEEGEKIGKKFEKEGGGEEGEKMKEYAKKLAAELEKEVKAQ,1.0049,0.9346,0.0385,0.0656,True,0.4573,,False
r7_c0_helix_hairpin_s2,r7_c0_helix_hairpin,helix_hairpin,SLKKKLEELEKKKKEILEKFEKELEEAKKKGKGGPEEGLKELEKKLEEVLKKFEEEEKKLEEEA,1.3157,0.9419,0.125,0.1526,True,0.4571,,False
r4_c3_three_helix_bundle_s0,r4_c3_three_helix_bundle,three_helix_bundle,MEEEAEKVKKEIEEMVEKAKKIAKGKEEEGKKAYKEVAEKAKKIGKEFLKKGGGEIGEKVAEYAKKVAEELEKEVKKM,0.9501,0.9348,0.0385,0.0656,True,0.4569,,False
r9_c4_long_helix_capper_s2,r9_c4_long_helix_capper,long_helix_capper,SLAKLKEEKEKEKKEKEEEEKKKKEEEKKEKEEEEKKKKEEEKKKEEEKKEEEKKKEEEKKKLEK,1.0609,0.9436,0.0338,0.0764,True,0.4568,,False
r3_c2_scaffold_engrailed_hd_s2,r3_c2_scaffold_engrailed_hd,scaffold_engrailed_hd,MEPIKLTEEQKKKLEERYKKNKEISEEELEKLSKELGLPKEQIRQWFKEKNKKD,1.0772,0.9403,0.1444,0.1985,True,0.4566,0.0054,False
r5_c3_helix_hairpin_s0,r5_c3_helix_hairpin,helix_hairpin,EGKEKVKKAKKKAEEIKKKGEKEVEKAKKKGKKKEEEAKKAKKKAEEEKKKGEKEVEKVKKEAE,0.7881,0.9439,0.1156,0.1985,True,0.4563,,False
r8_c7_helix_hairpin_s0,r8_c7_helix_hairpin,helix_hairpin,MEELEKIKKEYEEELKKLEKEREEILKKAKKKKKEEELKKALKEIEKKKKEIEKKYEEKIKKIK,1.0952,0.9462,0.1062,0.1587,True,0.4561,,False
r8_c7_helix_hairpin_s3,r8_c7_helix_hairpin,helix_hairpin,EEEKKRIEKELEKELKKIKEEEKKVLEKAKGEKKKEELEKALKELEKKKKKVLEEYEKKLKEIK,1.117,0.9449,0.1062,0.1587,True,0.4548,,False
r6_c4_helix_hairpin_s3,r6_c4_helix_hairpin,helix_hairpin,SEEKKKFEKELAEIEKELKKKKEKVEEELKKKKKEKEIEEKLKKEEKEVEEKIKELEEEYKRKI,1.3161,0.9427,0.0375,0.0951,True,0.4537,,False
r4_c4_helix_hairpin_s0,r4_c4_helix_hairpin,helix_hairpin,REEEIEEIEEEGEKEEEEIEEELEEELEEEGKEEEEEEEVEEEYEEEIEEIEEEVEEKIKELEE,1.1526,0.9395,0.0938,0.1389,True,0.4535,,False
r5_c5_long_helix_capper_s2,r5_c5_long_helix_capper,long_helix_capper,EEKKKKEKEKKEKEKKEKELKELEKKKKEEKLKELKELEKKKKEEELKELEKKKEEKKKKLLEEL,1.1478,0.9477,0.0338,0.0737,True,0.4535,,False
r2_c4_helix_hairpin_s2,r2_c4_helix_hairpin,helix_hairpin,EEEKIKEELKKIEEKEKEEKKKIEEKRKAGGKEKEEEGKKELEKIEEKKKKKKEEIEKEIEKKK,1.1113,0.9412,0.0469,0.1014,True,0.4534,,False
r9_c5_scaffold_de_novo_3helix_s3,r9_c5_scaffold_de_novo_3helix,scaffold_de_novo_3helix,MSKEEIEKELEKLKKKLEEFKKELEELGEDKSAYKPRIEELKEFVEEIEKFIKKIKEVIKKGHPEYEEYKKEAEEIKKEVEEIRKKLEKERNG,0.9334,0.9367,0.0344,0.1038,True,0.4533,,False
r1_c6_long_helix_capper_s0,r1_c6_long_helix_capper,long_helix_capper,KKEEEEKLKKEEEKKEEEKKKEEEEKKEKEEEEKKKEEEEKKEKEEKEKEKEEKEKKEKEEEEKK,1.0733,0.9467,0.0708,0.0934,True,0.4527,,False
r0_c2_scaffold_villin_s0,r0_c2_scaffold_villin,scaffold_villin,KPTPEQAKELIGTTLEEFKKLTPEEQEKAYKERLSK,1.0555,0.939,0.1167,0.1832,True,0.4526,,False
r2_c1_scaffold_protA_bdomain_s2,r2_c1_scaffold_protA_bdomain,scaffold_protA_bdomain,EAKEKLKKGAEEGIKKAKEYPSISKEKLEEYLKEAEENPENAEEKIKEIEKLAKEEEPKK,1.3052,0.9386,0.0833,0.115,True,0.4526,-0.0165,False
r6_c5_helix_hairpin_s3,r6_c5_helix_hairpin,helix_hairpin,KEEEYKKKLKEIEKELEKEKKEYEEKLKKGGLSGEGKEKIEKELEKKKKEYEKKKKKIEEEYKK,0.9917,0.9445,0.1281,0.1702,True,0.4526,,False
r2_c0_scaffold_villin_s3,r2_c0_scaffold_villin,scaffold_villin,LPTPEELKKLLGGTLEEFKKLSPEEQKRAWEERVKK,1.0955,0.935,0.1,0.2044,True,0.4521,,False
r5_c5_long_helix_capper_s1,r5_c5_long_helix_capper,long_helix_capper,HHEELEEKKKEEEREKEEEEEEEEEEEEEEEEEEEREEEEEEEEEEEEEEEEEEEEEEEEEAELE,1.0686,0.9355,0.0338,0.0737,True,0.452,,False
r6_c5_helix_hairpin_s2,r6_c5_helix_hairpin,helix_hairpin,KKEEYEEKLEEIEKELEKKKKEFELELKKGGGGEKGAEKIKEELKKAEEEAKKKREEVKKKYEE,1.1554,0.9403,0.1281,0.1702,True,0.4518,,False
r6_c5_helix_hairpin_s1,r6_c5_helix_hairpin,helix_hairpin,KEKEYEEKIKEIEKELKEEEKKIEKEKEKGGASGEGKKKLEEKLKKIKEKAKKKKEEIEKKYKE,1.0811,0.9432,0.1281,0.1702,True,0.4513,,False
r9_c1_scaffold_darpin_s3,r9_c1_scaffold_darpin,scaffold_darpin,DEKGKELLKAAKNGDLEKVKKLLKEGADVNAKDEKGLTPLMIATENGYLEIVKELLKHGADVSAKDENGNTPLHIAAEKGYKEIAKELLKHGADVNAKDKDGRTPLDIAKANGNKEVAEILEKH,0.5397,0.9452,0.1129,0.1284,True,0.4511,-0.0013,False
r2_c6_helix_strand_helix_s2,r2_c6_helix_strand_helix,helix_strand_helix,LERAKEEAEKLKKEIEKKLKKAKEGGGGKVEIKVEFEKGEELGKKLAEELKKEAEKAKKEVEEL,1.0733,0.9426,0.0531,0.1554,True,0.4508,-0.0158,False
r5_c3_helix_hairpin_s1,r5_c3_helix_hairpin,helix_hairpin,DGRKAVEAAAKEAEEIAKEGERRVAEVRKKGLAGEEAAKAAAKEAEKRKEEGERRVEEVAKEAE,1.018,0.9403,0.1156,0.1985,True,0.4496,,False
r6_c0_helix_hairpin_s0,r6_c0_helix_hairpin,helix_hairpin,ERLEEAQRRVEERRREIEREYEERLRRLEEGEGGPEEARREVEEEYRRRLEEIEKEEEEELKRL,1.1945,0.9434,0.1125,0.1894,True,0.449,,False
r9_c3_long_helix_capper_s2,r9_c3_long_helix_capper,long_helix_capper,KEEEERKKEEEKKQKEEKEKKEEEKKKKEKEEKEKKEEKKKEEEKKKEEKKKKEEEEKKKEEEKK,1.0922,0.9466,0.0462,0.0822,True,0.4487,,False
r1_c6_long_helix_capper_s3,r1_c6_long_helix_capper,long_helix_capper,EEEKEEEEEEAKKEEEEEEKKKKEEEKKKEEEEKKKKKEEEKKKEEERKKKEEERKKEEEKKEKE,1.0526,0.9455,0.0708,0.0934,True,0.4482,,False
r9_c6_long_helix_capper_s0,r9_c6_long_helix_capper,long_helix_capper,EERLEEERRREELERRRREEEEREEEEEERRREEEEEREEEEEERRREEERRREEEERRRREELE,1.1156,0.9432,0.0462,0.0796,True,0.4481,,False
r2_c3_scaffold_villin_s3,r2_c3_scaffold_villin,scaffold_villin,KPTPEEAKKLLGGTLEEAKKLSPEEQEKLYNEKLKE,1.0718,0.9377,0.2,0.257,True,0.4477,,False
r4_c6_long_helix_capper_s3,r4_c6_long_helix_capper,long_helix_capper,MAAKEEEEKKRKEEEEKKKKEKEEKEKKRKEKEKKEKEEEEKKRKEKEKKEEEKKKKEEEKLKEL,1.1387,0.9437,0.0677,0.0934,True,0.4469,,False
r4_c7_three_helix_bundle_s3,r4_c7_three_helix_bundle,three_helix_bundle,EFGKEAEKKIKKIAEEAKKKVKEAGGEEKVLKELEKAVKEAEKIAKEAKKKGGGEGGQKAEKAAKKVKKEAEKIKKEL,0.7329,0.9417,0.1308,0.175,True,0.4469,,False
r8_c4_scaffold_de_novo_3helix_s3,r8_c4_scaffold_de_novo_3helix,scaffold_de_novo_3helix,MSEEEIEKELKELEKKLKQVKEELELLGEDKAELEPRIEELKELEKELEEFEKKLEEYEKKGHPEVEKYKKRVKEIRKEVEEIRERLRKLREG,1.0578,0.9396,0.1505,0.1885,True,0.4466,,False
r2_c4_helix_hairpin_s0,r2_c4_helix_hairpin,helix_hairpin,ELAKIKEELEKLEEEEKKKKEKIKEELKKGGKKGKKEGEEKLKKLEEEEEKKKKEIEKKIEELL,1.0941,0.9433,0.0469,0.1014,True,0.4465,,False
r2_c3_scaffold_villin_s2,r2_c3_scaffold_villin,scaffold_villin,KPTPEEAKKLLGKTLEEAKKLSPEEQEKLYNERLKE,1.0376,0.9397,0.2,0.257,True,0.4459,,False
r6_c4_helix_hairpin_s0,r6_c4_helix_hairpin,helix_hairpin,EELLKKFKELKEKIKKELEEYKKKLEEKLKKEKIGEKKKKEKEKIEKEIKKLIEELEKKLKEIL,1.3437,0.9401,0.0375,0.0951,True,0.4455,,False
r5_c5_long_helix_capper_s3,r5_c5_long_helix_capper,long_helix_capper,MEKKKKEEEEKKKEEEEEEKKKEEEKKKEEEEEEKKKEEEKKKEEEEEKKKKEKEKKEKEKELLK,1.0214,0.9474,0.0338,0.0737,True,0.4454,,False
r4_c4_helix_hairpin_s2,r4_c4_helix_hairpin,helix_hairpin,REEKIKEIRKKAEEKIKEIEEEKKKILEKAGAAGKKKEEVEKKAKEKIKEIKEEEEKKIKELKE,1.1062,0.9429,0.0938,0.1389,True,0.4452,,False
r0_c7_scaffold_engrailed_hd_s2,r0_c7_scaffold_engrailed_hd,scaffold_engrailed_hd,PRPRRLSAAQRARLRRRFAERPRLSDAERARLSRELGLPPEDIRAWFKRARRRA,1.0988,0.9386,0.1667,0.2047,True,0.445,-0.0027,False
r1_c7_scaffold_darpin_s0,r1_c7_scaffold_darpin,scaffold_darpin,SELGKKLLEAAENGDLEKVKKLLKEGADVNAKNEDGLTPLLIATEKGYLEIVKELLKHGADVNAKDEDGNTPLHIAAEKGYLEIAKELLKHGADVNAKDKNGKTPLDIAKENGNEEVAKLLEKH,0.4823,0.9452,0.0516,0.0638,True,0.4443,-0.0013,False
r2_c6_helix_strand_helix_s3,r2_c6_helix_strand_helix,helix_strand_helix,MEEVRQKAEELKEEIRRKLEEAKKGKGGEVKIEVEFEEREEEGRELAEELQELAEKALKEVEEL,1.1693,0.9386,0.0531,0.1554,True,0.4437,-0.0152,False
r3_c1_scaffold_darpin_s0,r3_c1_scaffold_darpin,scaffold_darpin,AALGEELLRAAKNGDLEKVKELLKQGADVNAKDAEGRTPLLVATKNGYLEIVKLLLKHGADVNAKDAEGRTPLHVAAEKGYLEIVKLLLKHGADVNAKDKNGKTPLDVAKENGNEEVAKVLEKH,0.5097,0.9455,0.1806,0.1827,True,0.4437,-0.0024,False
r2_c3_scaffold_villin_s0,r2_c3_scaffold_villin,scaffold_villin,EPTEEELKKLLGKTLEEFKTLSKEEQEKAYKERIEK,1.0523,0.9377,0.2,0.257,True,0.4434,,False
r4_c7_three_helix_bundle_s1,r4_c7_three_helix_bundle,three_helix_bundle,EGGKKAVEKIKKLAKEAKKIVKKAAGEEEVKKELEKAVKEAKKIAKEAKKKGGGEGGQKAEKAAKEVEKEAKKIKKKL,0.7388,0.941,0.1308,0.175,True,0.442,,False
r4_c4_helix_hairpin_s3,r4_c4_helix_hairpin,helix_hairpin,KEKEIEEIKKEAKEKIEEIKKEEEEIIKKAGGGKEALEKKKAEAEKKIKEIKKEEEKKIEELKK,1.0594,0.9435,0.0938,0.1389,True,0.4418,,False
r6_c0_helix_hairpin_s2,r6_c0_helix_hairpin,helix_hairpin,EAKKKAEEEIEELKKEVEEEYKKGLEKLKKGKGGEEEAKKKIEEEYKKRLEEIEEKKEEYEKLL,1.1728,0.942,0.1125,0.1894,True,0.4414,,False
r3_c1_scaffold_darpin_s2,r3_c1_scaffold_darpin,scaffold_darpin,GALGAKLLEAAREGKVEEVKKLLEQGADVNAKDEEGLTPLMIATRNGYVEIVKLLLENGADVNAKDEEGNTPLHIAAINGYVEIAKLLLENGADVNAKNKKGLTPLDIAKLNGNEEVAKVLAAH,0.5969,0.9429,0.1806,0.1827,True,0.4406,-0.0012,False
r3_c1_scaffold_darpin_s3,r3_c1_scaffold_darpin,scaffold_darpin,MELGKKLLEAAKEGKVEEVKKLLAEGADVNAKDEKGLTPLMIATKNGYLEIVKLLLKHGADVNAVDEKGRTPLHIAAEKGYLEIVKLLLKHGADVNAKDKEGKTPLDIAKENGNEEVAKVLEKH,0.5151,0.9454,0.1806,0.1827,True,0.4405,,False
r8_c3_scaffold_villin_s3,r8_c3_scaffold_villin,scaffold_villin,KPTPEQVKKLLGKTLEEFKKLSPEEQKEAYEKALKK,1.0722,0.9421,0.1889,0.2735,True,0.4399,,False
r1_c1_three_helix_bundle_s1,r1_c1_three_helix_bundle,three_helix_bundle,EGGKKGIEKYEELVKEFKEIAKKAGKEKEELLKKAKEKIEKAKKEAEKYLKGKPGEEAEKKIKKKEEEAKKVIEEGLK,0.9843,0.9381,0.0974,0.1161,True,0.4389,,False
r2_c7_three_helix_bundle_s1,r2_c7_three_helix_bundle,three_helix_bundle,KAEEFVKKVKEKAEKAKKELEKLKGKEEEVKKLAEEAVKEIEEEIKKAKKKGLGGEKALKELEKIKEKLKKHGEKLAK,0.9439,0.9384,0.0769,0.1353,True,0.4388,,False
r1_c7_scaffold_darpin_s1,r1_c7_scaffold_darpin,scaffold_darpin,DELGKQLLEAAKNGDLAKVKELLAKGADVNAKDENGNTPLMIATKNGYLEIVKELLKHGADVNAKDENGNTPLHIAAKKGYLEIAKELLKHGADVNAKDKNGKTPLDIAKENGHEEVAKLLEKH,0.4896,0.9451,0.0516,0.0638,True,0.4386,,False
r4_c7_three_helix_bundle_s0,r4_c7_three_helix_bundle,three_helix_bundle,GVGKEAVKKIEKIKKEAKAKVEKAGKEKEVLEELEKAVKEAKEIAKEAKKVGGGEGGKKAEKAAKEFEKEAKAIKKKL,0.7412,0.9401,0.1308,0.175,True,0.4385,,False
r9_c6_long_helix_capper_s3,r9_c6_long_helix_capper,long_helix_capper,KEEEKKKEEEKKKKEEEEEKKEEEEEKRKEEEEKKKEEEEEKRKEEEEKKEEEEEKKAEEEEKLE,1.0827,0.9426,0.0462,0.0796,True,0.4374,,False
r2_c7_three_helix_bundle_s2,r2_c7_three_helix_bundle,three_helix_bundle,SAEKLVKEIEKKAKKAIEEMKKLAGKKEEVKKLGEKAVKELEEKIEKAKKEGVKGEEAVKRMEEILKKLKEEAEKLVK,0.9917,0.9387,0.0769,0.1353,True,0.4373,,False
r2_c7_three_helix_bundle_s3,r2_c7_three_helix_bundle,three_helix_bundle,QAEEFVKKLEKEAEKAVAEMKALAGGAEKVKEMAKKAVEKAKKALKEAEEKGLGEEEARKRMKKIIEKLEKEGKKLAK,1.0164,0.9388,0.0769,0.1353,True,0.4372,,False
r3_c2_scaffold_engrailed_hd_s0,r3_c2_scaffold_engrailed_hd,scaffold_engrailed_hd,APPLEFSEEQLAALEKRFAENPYLSEEEVRALSEELGLPPEQIRQWFRERRAQA,1.1037,0.9372,0.1444,0.1985,True,0.4367,0.0012,False
r3_c3_helix_hairpin_s0,r3_c3_helix_hairpin,helix_hairpin,KEREEKFKKEIKEEEKKEEEELKKIFEELKKEAGLEEKLKEIEERLKKREEERKKKLKKKKEEE,1.3233,0.9413,0.1187,0.1832,True,0.4365,,False
r6_c5_helix_hairpin_s0,r6_c5_helix_hairpin,helix_hairpin,KEKKYEEKLEKIEKKLEEAKEKIEKKKKEAGAGGEGKKKLEKEEEKIKEEAEKEKEKVKKEYEK,1.0583,0.9424,0.1281,0.1702,True,0.4362,,False
r9_c7_scaffold_engrailed_hd_s1,r9_c7_scaffold_engrailed_hd,scaffold_engrailed_hd,PPPITLSEEQLAILDARFAENPYLSPEELKQLSEELGLPESQIRQWFERRRAEA,1.1167,0.9358,0.1185,0.1715,True,0.4362,0.0024,False
r4_c0_helix_hairpin_s2,r4_c0_helix_hairpin,helix_hairpin,EKGKGIGKKGKKKGKKAGKKGKKKGGGGKGGGGGGGKKIGGGGKKKGKKAGKKGKKIGKEAKKK,0.7009,0.9385,0.0531,0.1481,True,0.4359,,False
r5_c5_long_helix_capper_s0,r5_c5_long_helix_capper,long_helix_capper,MEEEEEERRRREKEEEKREEEEEEKRKKEEERREEEEEEKRKEEERRREEEKRREEEKRREEEKR,1.1192,0.948,0.0338,0.0737,True,0.4358,,False
r7_c2_helix_strand_helix_s3,r7_c2_helix_strand_helix,helix_strand_helix,EEEKKKILEEAKKKYEEAKKLIKEGKKPEKIEYKVEGEGGPLGKKVKEEIKKLKEELEKLEKEK,1.0677,0.9414,0.1437,0.1965,True,0.4349,0.0084,False
r2_c3_scaffold_villin_s1,r2_c3_scaffold_villin,scaffold_villin,EPTPEQLKKLVGGTLEEFKKLSPEEQEALYKERLAE,1.1047,0.9371,0.2,0.257,True,0.4348,,False
r3_c0_helix_hairpin_s2,r3_c0_helix_hairpin,helix_hairpin,MELEKELKEEEKKIKEKIEELKKKYEEILKEGGKKEELEKKYKEEIEKYKEELEKLKKEFEKIK,1.1568,0.9459,0.0406,0.1275,True,0.4348,,False
r1_c6_long_helix_capper_s2,r1_c6_long_helix_capper,long_helix_capper,MKEELEKEKKKKKEEEEKKKKEEEEKKKEEEEKKKKEEEEKKKEEEKKKKEEEEKLKELKKKELE,1.0805,0.9437,0.0708,0.0934,True,0.4344,,False
r4_c3_three_helix_bundle_s3,r4_c3_three_helix_bundle,three_helix_bundle,AEAEAEEVKEELEERKEEALEVARGEEEEGERALQEVAEEAEEIGKEFLETGSGPVGEEVAKYGKELAEELKRIAEER,1.1244,0.9356,0.0385,0.0656,True,0.4339,,False
r3_c1_scaffold_darpin_s1,r3_c1_scaffold_darpin,scaffold_darpin,AELGARLLRAAREGDLEEVKRLLAQGADVNAVDEEGLTPLMLATRNGYLEIVEVLLKAGADVSAVDSEGNTPLHLAARNGYLEIAEVLLKAGADVSAKNKEGKTPLDIAKENGNEEVAKVLEKH,0.5722,0.9443,0.1806,0.1827,True,0.4337,,False
r7_c2_helix_strand_helix_s1,r7_c2_helix_strand_helix,helix_strand_helix,KEEIEKKLKEAKEKYKEAIEKIKKGKKPGEYKYEYKGKKGKEEEKAKKEFEKLKKELEKIRKKK,1.2517,0.941,0.1437,0.1965,True,0.433,0.0134,False
r6_c1_helix_hairpin_s0,r6_c1_helix_hairpin,helix_hairpin,AAAAAEAKVKEVKAKAEAEIKAAEEEYKRGGGGGEEGKRALKEVKEKAKEKIKAAKAKAEKAKA,0.9971,0.942,0.1437,0.1768,True,0.4327,,False
r9_c1_scaffold_darpin_s1,r9_c1_scaffold_darpin,scaffold_darpin,GELGKELLEAAKNGDLEKVKELLKKGADVNARNEEGLTPLMIATKNGFLEITKVLLKNGADVNAVDAEGRTPLHIAAEKGFLEITKVLLKNGADVNAKDKDGKTPLDIAKENGNKEVAEVLAKH,0.5627,0.9452,0.1129,0.1284,True,0.432,,False
r3_c3_helix_hairpin_s3,r3_c3_helix_hairpin,helix_hairpin,EEELKEFQKKLEEKKEELEKELKEIEKELAKGALEEEKKKKLEEKKKEFKKELEEELEKLKKKL,1.2402,0.9431,0.1187,0.1832,True,0.4313,,False
r3_c0_helix_hairpin_s3,r3_c0_helix_hairpin,helix_hairpin,MELLEELKKKKEEIEKKLKEIEKEYEKLKKGGKKEEELEKELEEKKKELEEERKKIEEEYKKKL,1.1347,0.9439,0.0406,0.1275,True,0.4302,,False
r9_c7_scaffold_engrailed_hd_s3,r9_c7_scaffold_engrailed_hd,scaffold_engrailed_hd,MPAIELSEEQLAALEREFARNPELSPEELKRLSEELGLPPEQIRAWFERRRAEA,1.1071,0.9433,0.1185,0.1715,True,0.4302,,False
r2_c2_scaffold_protA_bdomain_s2,r2_c2_scaffold_protA_bdomain,scaffold_protA_bdomain,RRLRRPRRGARRGLREARTLPALPREEVEALLREAEEDPSGARRRLREVRRLARERAPPA,1.2677,0.9411,0.2533,0.2213,True,0.4298,0.0058,False
r0_c1_scaffold_engrailed_hd_s3,r0_c1_scaffold_engrailed_hd,scaffold_engrailed_hd,KKPIKLTPEQKKALDKRFAENPILSPEELKKLSKELGLPEEQIRQWFKERRKKA,1.105,0.9361,0.1148,0.1415,True,0.4295,,False
r6_c1_helix_hairpin_s1,r6_c1_helix_hairpin,helix_hairpin,MEKEAKEEYKKVKEKAKEKIEKAKKKAEKGGGGGKKGQEAYKKVKEEAEKEIKKAEEEAKKKIE,0.9236,0.9426,0.1437,0.1768,True,0.4295,,False
r7_c2_helix_strand_helix_s0,r7_c2_helix_strand_helix,helix_strand_helix,EEEIKKKLEEAKKKAKEAIEKIEKGKKPEEEKYEIEGGKGPLGEEAKKEIKELNEEVEKIKKEK,1.1248,0.9384,0.1437,0.1965,True,0.4293,,False
r9_c1_scaffold_darpin_s0,r9_c1_scaffold_darpin,scaffold_darpin,GELGRKLLEAARNGDLELVKELLAKGADVNAKDEEGLTPLMIAARNGYLEIVKALLKAGADVSAKDAEGNTPLHIAARKGYLEIVKALLKAGADVSAKDKEGKTPLDIAKANGNEEVAEILEKH,0.5354,0.9441,0.1129,0.1284,True,0.4293,,False
r7_c5_scaffold_villin_s1,r7_c5_scaffold_villin,scaffold_villin,KPTPEEAKKLIGKTVEEFKKLSPEEQEKLYKERLKE,1.0063,0.9405,0.0833,0.1084,True,0.4292,,False
r2_c7_three_helix_bundle_s0,r2_c7_three_helix_bundle,three_helix_bundle,AAEKAVEKLEKEAEKAIEKMKKLAAGAEEVAKLGKEAVKKLKEAIEKAKKKGAGAEEAIKRMEKILKRLEKAAEELAA,0.9991,0.9405,0.0769,0.1353,True,0.4288,,False
r7_c3_helix_strand_helix_s3,r7_c3_helix_strand_helix,helix_strand_helix,LEEKLKEIEKKYEKELKKIKEKLKEKGGEVEIKLKFEGGGELEEKIKKLEEEYEKELKKIKEEL,1.2471,0.9427,0.1094,0.1478,True,0.4286,,False
r0_c2_scaffold_villin_s2,r0_c2_scaffold_villin,scaffold_villin,EPTPEEAKKLLGKSVEEFKKLSPEEQKAEYEKRLKN,1.0715,0.941,0.1167,0.1832,True,0.4284,,False
r7_c3_helix_strand_helix_s1,r7_c3_helix_strand_helix,helix_strand_helix,KEEELKKIKEELEKERKKILEKIKEKGGEVKVELKFEGGGELKKEIEKLEEEYKKELEKLKKEL,1.1213,0.9438,0.1094,0.1478,True,0.4267,,False
r9_c1_scaffold_darpin_s2,r9_c1_scaffold_darpin,scaffold_darpin,AALGAELLKAAENGDVEKVKELLAQGADVNAKDAEGRTPLMIATENGYLEIVKLLLEHGADVNAVDAEGRTPLHIAAENGYLEIAKLLLEHGADVNAKDKNGRTPLDIAKENGNEEVAELLEKH,0.5609,0.9425,0.1129,0.1284,True,0.4265,,False
r0_c4_long_helix_capper_s2,r0_c4_long_helix_capper,long_helix_capper,AEEEEEKKKKEEEKKEKEKLEKKEKEKEEEEKEKLEKKEKEKEEEKKKLLEEKEKEEREKKALLE,1.1787,0.9402,0.0554,0.1047,True,0.426,,False
r4_c2_scaffold_darpin_s0,r4_c2_scaffold_darpin,scaffold_darpin,AELGKKLLEAAKNGDVEEVKKLLAQGADVNAVDEEGLTPLMIATKNGYVEIVKLLLKNGADVNAVDKEGNTPLHIAAKKGYVEIAKLLLKHGADVNAKDKNGKTPLDIAKENGHEEVAEILEKH,0.5489,0.9447,0.1065,0.1624,True,0.4258,,False
r3_c0_helix_hairpin_s1,r3_c0_helix_hairpin,helix_hairpin,MELLEELKKKLKEIEEEKKKIEEEYKKKLEGKKKEEELKKEYEKILEELEKKKKEILEEYEKKL,1.078,0.9445,0.0406,0.1275,True,0.4256,,False
r1_c7_scaffold_darpin_s3,r1_c7_scaffold_darpin,scaffold_darpin,AELGRELLEAAKNGDLERVKELLARGADVNAVDENGLTPLMLATKNGYLEIVEELLKAGADVSAVDENGDTPLHLAAKKGYLEIVEELLKAGADVNAKDKNGRTPLDIAKENGQEEVAEVLAKH,0.5868,0.9434,0.0516,0.0638,True,0.4255,,False
r3_c0_helix_hairpin_s0,r3_c0_helix_hairpin,helix_hairpin,KKLLEELEKKKKEIEEEEKKIEEEYKKKLEGKGKEEELKKEYEKKKKELEEKKKKIEEEYKKKL,1.0109,0.9439,0.0406,0.1275,True,0.4248,,False
r4_c2_scaffold_darpin_s1,r4_c2_scaffold_darpin,scaffold_darpin,DELGKELLEAAKNGDEEKVKELLKKGADVNAKDANGETPLMIATKNGYEEIVKLLLKNGADVSAKDANGRTPLHIAAEKGYEEIAKLLLKNGADVNAKDKEGKTPLDIAKENGNEEVAKILEKH,0.5148,0.944,0.1065,0.1624,True,0.4246,,False
r7_c2_helix_strand_helix_s2,r7_c2_helix_strand_helix,helix_strand_helix,EKEIEEKLEEAKEKYKEAKKKILEGKGPEEEKYKIEGKEGPLEEKVKEEIEKLNEELEKLRKEK,1.1485,0.9373,0.1437,0.1965,True,0.4238,,False
r1_c7_scaffold_darpin_s2,r1_c7_scaffold_darpin,scaffold_darpin,GELGAELLEAAREGDLERVKRLLKEGADVNAKDEEGLTPLLIATRRGYLEIVKLLLKNGADVNAKDAEGKTPLHIAAEKGYLEIVKELLKNGADVNAKDKNGKTPLDIAKANGNEEVAEVLAAH,0.5808,0.9441,0.0516,0.0638,True,0.4237,,False
r5_c6_long_helix_capper_s1,r5_c6_long_helix_capper,long_helix_capper,KKEEELEEERKKKEEEELKKKEEEEKKKEEEELLKKEEEEKKKEREELLKKEREEKKKEEELKLK,1.1715,0.9412,0.0646,0.1219,True,0.4237,,False
r9_c2_helix_hairpin_s2,r9_c2_helix_hairpin,helix_hairpin,FLEELKKEVEEKKKKLKEKEEKWKEILKKLGAGLKEELLKKLVEEKKKKLKEKEKEKLKKLEEL,1.2747,0.9399,0.0437,0.1178,True,0.4236,,False
r5_c6_long_helix_capper_s2,r5_c6_long_helix_capper,long_helix_capper,AAAKEKEEKEKKEKEKEKAEEEEKKEEEKEKELKEEEEKEEEEKKKKLKEEEEKKKKELEEKKKK,1.1867,0.9369,0.0646,0.1219,True,0.423,,False
r7_c3_helix_strand_helix_s2,r7_c3_helix_strand_helix,helix_strand_helix,EEKKLKEVLKEYEKEKEKILKELEKPGGEVEVKIEKEKGGELKKLIEKLKKEYEKWLKELKKKK,1.2272,0.9355,0.1094,0.1478,True,0.4229,,False
r8_c3_scaffold_villin_s0,r8_c3_scaffold_villin,scaffold_villin,LPTPEEAKRAIGGSVEEARKLTPEEQERLYEEKLKE,1.1819,0.9351,0.1889,0.2735,True,0.4227,,False
r0_c4_long_helix_capper_s1,r0_c4_long_helix_capper,long_helix_capper,HHAEEEERREEEEEEEREEEEEERKEEEEEEKEEEEEERKKEEEEEKEEEEEEEEEEKKEEEEEE,1.0534,0.9408,0.0554,0.1047,True,0.4225,,False
r4_c2_scaffold_darpin_s2,r4_c2_scaffold_darpin,scaffold_darpin,AELGKQLLEAAENGDLELVKKLLAQGADVNAKNADGLTPLMLATEKGYLEIVKLLLKNGADVNAKNADGNTPLHIAAEKGYLEIVKLLLKNGADVNAKNKDGKTPLDIAKENGNEEVAKVLEEH,0.5069,0.9426,0.1065,0.1624,True,0.4224,,False
r5_c6_long_helix_capper_s0,r5_c6_long_helix_capper,long_helix_capper,AAAAAKAKEEKAKKEEEKKKKEEERKKKEEEEKKKKEEERKKKEEEEKKKKEEEEKEKERLEELK,1.1358,0.9454,0.0646,0.1219,True,0.4221,,False
r0_c7_scaffold_engrailed_hd_s3,r0_c7_scaffold_engrailed_hd,scaffold_engrailed_hd,MPPIELSEEQLAALEAEFARDPRLSPARLAALSRRLGLPAAEIRRWFAERRRRA,1.0275,0.943,0.1667,0.2047,True,0.4216,,False
r3_c3_helix_hairpin_s2,r3_c3_helix_hairpin,helix_hairpin,EAFLEEFERELKEEEEERKKELEKRKEELKKKKEEEEELKKLREEEEKFAKELEERLRKLKELL,1.3981,0.9395,0.1187,0.1832,True,0.4209,,False
r7_c0_helix_hairpin_s3,r7_c0_helix_hairpin,helix_hairpin,ELEEKKKKLEEEEKEKEKEREKLKKKLEEGGKKGPEEAKKKLEEEEKKLEEEREKKKKELEEKE,1.1077,0.9424,0.125,0.1526,True,0.4207,,False
r7_c0_helix_hairpin_s1,r7_c0_helix_hairpin,helix_hairpin,KKEEEEEEFEEEEEEEEEEFEEEEEEREEKEEGEEEEEEEEEEEEEEELEEEFEEEEEEFEEEE,1.0843,0.9312,0.125,0.1526,True,0.4196,,False
r4_c2_scaffold_darpin_s3,r4_c2_scaffold_darpin,scaffold_darpin,GALGKRLLAAAEAGDLAGVKALLAEGADVNARNENGLTPLMLATERGYLEIVKELLKAGADVNAVNENGNTPLHIAAEKGYLEIVKELLKAGADVNAKNKNGKTPLDIAKENGNEEVAEVLKKH,0.5626,0.9437,0.1065,0.1624,True,0.4188,,False
r1_c0_scaffold_protA_bdomain_s0,r1_c0_scaffold_protA_bdomain,scaffold_protA_bdomain,ASAAAAAKGAAAGLAAARTLPALPPEELQALLAAAEADPSGAQAALAQARALAAARAPPA,1.1727,0.9402,0.0833,0.1591,True,0.4185,0.0049,False
r9_c3_long_helix_capper_s3,r9_c3_long_helix_capper,long_helix_capper,SLAEELKKEEEKKKLEKKKEEEEKKKKEKLEKKKAEEEKKKKEKEEKKKAEEEKKKEEAKKKELK,1.162,0.9394,0.0462,0.0822,True,0.4177,,False
r1_c1_three_helix_bundle_s0,r1_c1_three_helix_bundle,three_helix_bundle,AGGAEGIAKGKELVKEVEEIAEELGGPAEELRRELEERLKKVKEEAEKALKGGAAAAAQAELKALFEKAKKAAEEALK,1.1232,0.9377,0.0974,0.1161,True,0.4171,,False
r0_c4_long_helix_capper_s3,r0_c4_long_helix_capper,long_helix_capper,AEAAEKKKEEKKKEEAEEEKKKEEEKEKKEEEEEKKKEEEKEKKEEEKKKEEEKKEEEKKKLAEE,1.1345,0.9409,0.0554,0.1047,True,0.4169,,False
r1_c2_scaffold_engrailed_hd_s0,r1_c2_scaffold_engrailed_hd,scaffold_engrailed_hd,PPPITLTPEQLAALEARFAENPEVSPEELEALSEELGLPPEQIRQWFAARRAAA,1.0068,0.939,0.2037,0.2151,True,0.4162,,False
r3_c2_scaffold_engrailed_hd_s1,r3_c2_scaffold_engrailed_hd,scaffold_engrailed_hd,PPPIEFSPEQRAALEAAFARDPELSDAALAALSAELGLPAEQIRAWFAARRAAA,0.9715,0.9397,0.1444,0.1985,True,0.4156,,False
r0_c1_scaffold_engrailed_hd_s1,r0_c1_scaffold_engrailed_hd,scaffold_engrailed_hd,RPPITLSPEQRAALDARFARNPRLSPAEEAALSRELGLPAEEIRAWFARRRAAA,0.9706,0.9396,0.1148,0.1415,True,0.4144,,False
r3_c6_helix_hairpin_s3,r3_c6_helix_hairpin,helix_hairpin,KEAEELLKKAEEKKKEIEKEAEKLLKKGKEGKKKEKEKAEKEAEKLLKEAEELLKKAKKEAEKL,0.9816,0.9474,0.0906,0.145,True,0.4137,,False
r1_c6_long_helix_capper_s1,r1_c6_long_helix_capper,long_helix_capper,AEEELKKLKEEERKKEEEEKKEEEEKREKEEEEEEEEEEEKEEEEEEEEEEEEKKKEEEEEEEEL,1.1799,0.9381,0.0708,0.0934,True,0.4121,,False
r1_c4_scaffold_darpin_s1,r1_c4_scaffold_darpin,scaffold_darpin,MELGKKLLEAAKNGDLEKVKELLKKGADVNAKDEDGLTPLMIATKNGYLEIVKELLKNGADVNAKDENGNTPLHIAAEKGYLEIVKELLKNGADVNAKDKNGNTPLDIAKANGNEEVAKILEEH,0.5004,0.9452,0.0677,0.1212,True,0.4116,,False
r9_c0_scaffold_darpin_s1,r9_c0_scaffold_darpin,scaffold_darpin,MELGKELLKAAKNGDVEKVKELLAKGADVNAKDEEGLTPLMIATKNGYVEIVKELLKNGADVDAKDAEGKTPLHIAAEKGYVEIAKELLKHGADVDAKDKDGKTPLDIAKENGNEEVAEILEKH,0.535,0.9446,0.1629,0.153,True,0.4109,,False
r9_c0_scaffold_darpin_s3,r9_c0_scaffold_darpin,scaffold_darpin,AELGKKLLEAAKNGDLKKVKELLAKGADVNAVDENGLTPLMLAAKNGYLEIVKELLKHGADVNAVDENGKTPLHIAAENGYLEITKELLKHGADVNAKDKNGKTPLDIAKENGNEEVAKVLEEH,0.4923,0.9431,0.1629,0.153,True,0.4107,,False
r3_c3_helix_hairpin_s1,r3_c3_helix_hairpin,helix_hairpin,EEALKEFKKKLEEEKKKLEEKIKKIKEERKKGEKKEEIDKELEKEKEEFKKKIEEKKKELEKKL,1.1751,0.9428,0.1187,0.1832,True,0.4102,,False
r1_c0_scaffold_protA_bdomain_s1,r1_c0_scaffold_protA_bdomain,scaffold_protA_bdomain,AAAAAAAPGAAEGLAAARTLPALPPAELQALLARAEADPSGAAEALARIRELAAALAPPA,1.1372,0.9416,0.0833,0.1591,True,0.4096,0.0093,False
r9_c6_long_helix_capper_s1,r9_c6_long_helix_capper,long_helix_capper,EEELKRKEEEKKKEEEEKKKEKEEEEKKKKEEEKKEKEEEEKKKKEEEEEKRRKEEEKREKEEEL,1.134,0.9418,0.0462,0.0796,True,0.4095,,False
r6_c2_helix_hairpin_s0,r6_c2_helix_hairpin,helix_hairpin,MEKLKELLKKLLEKIKELLKKLEEELKKEESELAGEEEIKKLLEELEKKLKELLEEIKKLIEEL,1.3104,0.9437,0.1187,0.1631,True,0.4093,,False
r2_c4_helix_hairpin_s3,r2_c4_helix_hairpin,helix_hairpin,LLEKIEEEKKKLLEKLKKELEEILEKLKKGGGGGEEEGKEILKKLLEKIEEELKKIEELIEKIL,1.2493,0.9459,0.0469,0.1014,True,0.409,,False
r1_c3_scaffold_engrailed_hd_s2,r1_c3_scaffold_engrailed_hd,scaffold_engrailed_hd,APPLTLTPEQRAVLDARFKENPILTEEETARLSKELGLPAEEIRRWFAERRARA,1.1191,0.9357,0.1,0.1803,True,0.4079,,False
r1_c4_scaffold_darpin_s0,r1_c4_scaffold_darpin,scaffold_darpin,DELGKKLLEAAKNGDVEGVKKLLAKGADVNAVDEEGLTPLMIATEKGYKEIVELLLKNGADVNAVDKEGRTPLHIAAEKGYKEIVELLLKNGADVNAKDKNGKTPLDIAKENGNEEVAAILEKH,0.5375,0.9442,0.0677,0.1212,True,0.4078,,False
r3_c4_long_helix_capper_s1,r3_c4_long_helix_capper,long_helix_capper,MAEKLEELLEALKELEELEEEEEKEEEKELEEEEEEEEKEEEEELEEEEEEERKEEERKRLEELE,1.3034,0.9417,0.0708,0.1071,True,0.4074,,False
r1_c3_scaffold_engrailed_hd_s0,r1_c3_scaffold_engrailed_hd,scaffold_engrailed_hd,RPPIEFTPEQLAELDARFAENPEVSEAELEELSKRLGLPKWQIRQWFAERRAAA,1.1068,0.9373,0.1,0.1803,True,0.4063,,False
r3_c7_scaffold_engrailed_hd_s0,r3_c7_scaffold_engrailed_hd,scaffold_engrailed_hd,RPPIKLTAEQRAALEAAFARDPVLSDEEARALSRALGLPEWQIRDWFARRRAAA,1.1015,0.9358,0.0815,0.1526,True,0.4052,,False
r6_c6_helix_hairpin_s2,r6_c6_helix_hairpin,helix_hairpin,NGAKIGKIIGKIGKIIGKILGAIGKKIGKKGGGGGGGKIGKKIGKIGKIIGKILGKIGKIIGKK,0.788,0.9412,0.1062,0.1596,True,0.4043,,False
r0_c0_helix_hairpin_s1,r0_c0_helix_hairpin,helix_hairpin,KEKLLKEAEEKKKEYKEKIEKEKKKCEEEAAQAAEGKKECQKKLAELKKEEEKEKKKYEELLAK,1.2634,0.939,0.0656,0.1398,False,0.4042,,False
r6_c1_helix_hairpin_s3,r6_c1_helix_hairpin,helix_hairpin,LAEKALAEAAAVKAAAEERVKAAKAAAAAGGGGGAAGAKALAAVKAKAKAEVEAAKAAAEKVIA,0.9816,0.9416,0.1437,0.1768,True,0.404,,False
r1_c4_scaffold_darpin_s3,r1_c4_scaffold_darpin,scaffold_darpin,AEKGKELLEAARNGDVEKVKKLLKEGADVNAKDENGLTPLMIATRNGYLEIVKLLLKNGADVNAVDENGKTPLHIAAENGYLEIAKLLLKNGADVNAKDKDGKTPLDIAKENGNEEVAELLEKH,0.5002,0.9437,0.0677,0.1212,True,0.4039,,False
r3_c4_long_helix_capper_s3,r3_c4_long_helix_capper,long_helix_capper,MEEELRRELERQREELLRELEEEERKEREELLRELEEEERKEREELEREEEERRRERERRELEER,1.2398,0.9473,0.0708,0.1071,True,0.4039,,False
r1_c2_scaffold_engrailed_hd_s2,r1_c2_scaffold_engrailed_hd,scaffold_engrailed_hd,PAPRTFTPEQRAALDARFAENPVLSPEELAALSAELGLPAEDLRQWFADRRRAA,0.9675,0.9385,0.2037,0.2151,True,0.4037,,False
r6_c2_helix_hairpin_s3,r6_c2_helix_hairpin,helix_hairpin,LEELKAALEKLKKEIEEKKKKLLEEIEKKAKLLGGEEALKKLLKELEKALKELEEKIKKLLEEL,1.3946,0.9449,0.1187,0.1631,True,0.4035,,False
r6_c1_helix_hairpin_s2,r6_c1_helix_hairpin,helix_hairpin,AAAAAAAAAKAVKKAAEARIAKAEAAAKAAGAGAAAGKAELKAVKAAAKAEIAKAKAEAKAKKA,0.9157,0.9417,0.1437,0.1768,True,0.4023,,False
r9_c3_long_helix_capper_s1,r9_c3_long_helix_capper,long_helix_capper,SALAAEKAAKEKEKEKAAEAEEEKEREEKEKAAEAEKEKEREEKEKKAEEEKKKEEEEKKKALEE,1.2668,0.9446,0.0462,0.0822,True,0.402,,False
r9_c0_scaffold_darpin_s2,r9_c0_scaffold_darpin,scaffold_darpin,AALGAALLEAARAGDLERVRELLAQGADVNAVDAEGLTPLMIATRNGYLEIVKELLKHGADVNAVDAEGRTPLHIAAENGYLEIVKELLKHGADVNAKDKEGRTPLDIAKENGQEEVAEVLEKH,0.5272,0.9437,0.1629,0.153,True,0.4018,,False
r7_c3_helix_strand_helix_s0,r7_c3_helix_strand_helix,helix_strand_helix,AEELLKKVLKEYEKAKEEILKKIEGKGGKVEIKLKFEGGGELKKLLEELEKKFEEEKKKLEEKL,1.2228,0.9408,0.1094,0.1478,True,0.4017,,False
r9_c0_scaffold_darpin_s0,r9_c0_scaffold_darpin,scaffold_darpin,AALGAELLEAARNGDLEKVKELIKQGADVNAVDAEGLTPLMIATRNGYLEIVKVLLKNGADVNAVDAEGNTPLHIAAKNGYLEIVKVLLKHGADVNAKDKNGKTPLDIAKENGNEEVAKVLEEH,0.4906,0.9422,0.1629,0.153,True,0.4012,,False
r3_c4_long_helix_capper_s0,r3_c4_long_helix_capper,long_helix_capper,MEELKELKEKELEKKKEEKEKKKEEEEEKKKEEKEKKKEEEEKKKKEEEEEKKKKEEEKKKALEK,1.1166,0.9427,0.0708,0.1071,True,0.4001,,False
r1_c1_three_helix_bundle_s2,r1_c1_three_helix_bundle,three_helix_bundle,EGGEKGIKAYEELVKKFKEEKKKAGLEEKEWLEKAKKALEKVKAEAKKALAGAKGEAAEKKIAEKEAEAKKVVKEGLA,1.0341,0.9349,0.0974,0.1161,True,0.3998,,False
r0_c4_long_helix_capper_s0,r0_c4_long_helix_capper,long_helix_capper,AAEKEKEEEEKKKKEKEKEKEKEKEKKEKEKEKEKEEEKKKKEEEKKKKEEEEKKKKEEEKKKKL,1.0384,0.9455,0.0554,0.1047,True,0.3985,,False
r1_c4_scaffold_darpin_s2,r1_c4_scaffold_darpin,scaffold_darpin,AELGAKLLAAAKNGDLEEVKKLIAEGADVNAKNAEGLTPLMLATKNGYLEIVKVLLEHGADVQATDAEGNTPLHLAAKNGYLEIVKVLLEHGADVQAKDKEGNTPLDIAKANGHEEVAEVLEAH,0.5936,0.9432,0.0677,0.1212,True,0.3949,,False
r0_c0_helix_hairpin_s3,r0_c0_helix_hairpin,helix_hairpin,KEELKKEYEEKLKEYEEEKKKVEEECKKEQAEELEKKKKCKEELKKLEEKKKKVEEEYEKKLKE,1.2159,0.9404,0.0656,0.1398,False,0.3881,,False
r3_c4_long_helix_capper_s2,r3_c4_long_helix_capper,long_helix_capper,EAEEEKKKEEEKLKLELREKEKEKKKELELELREKEKEKKKELELELRKKEEEEKKQKEKEEALL,1.3123,0.946,0.0708,0.1071,True,0.3873,,False
r0_c0_helix_hairpin_s2,r0_c0_helix_hairpin,helix_hairpin,MEELLKEAEKAKEEYKKELEKVKKECEAEAAAGAAAKEKCEKKLKELEEKAKKVEEEYKKKLKE,1.1655,0.9433,0.0656,0.1398,False,0.38,,False
r8_c0_helix_hairpin_s3,r8_c0_helix_hairpin,helix_hairpin,QEEGLKEVEKCKKKCEELEKKYQKEVEKLKSAEKEKAKQLKEKGKKEVEECKKECEELEKKYKE,1.2928,0.9395,0.1031,0.1133,False,0.3787,,False
r5_c4_scaffold_villin_s3,r5_c4_scaffold_villin,scaffold_villin,TPTPEECKKLIGKTLEEAKKLTPEQQKELYEKRLKK,1.1281,0.9348,0.0444,0.1039,False,0.37,,False
r8_c0_helix_hairpin_s0,r8_c0_helix_hairpin,helix_hairpin,GAKCEELVKECEKKAKELEKKGKEKVKELEKGAEKEVEELKKEIEKKVEELKEECKKLKEECEK,1.2378,0.9411,0.1031,0.1133,False,0.369,,False
r8_c0_helix_hairpin_s1,r8_c0_helix_hairpin,helix_hairpin,SSKTEKLVKECEKKREELKKKYEEEVEKLKGAEEEKAKELKKKGEEEVKKMEEECEKLKKKGEE,1.2092,0.9379,0.1031,0.1133,False,0.3678,,False
r0_c0_helix_hairpin_s0,r0_c0_helix_hairpin,helix_hairpin,RAALLEEAARREEEHRERLAAARAECERRRREAAAEEAACEERLRRLEEERAAAREAAEAALAA,1.3411,0.9422,0.0656,0.1398,False,0.364,,False
r8_c0_helix_hairpin_s2,r8_c0_helix_hairpin,helix_hairpin,AAKAEKEVKECKEKAEKVKKEYEKKVKELAAAGKEEAKKLKEEGEKEVEKLEKECAAKAAAGKA,1.1975,0.9404,0.1031,0.1133,False,0.3638,,False
r5_c4_scaffold_villin_s2,r5_c4_scaffold_villin,scaffold_villin,EPTPEEAKKLLGKTLEEFKTLSPEEQKKAYEEALKK,1.0429,0.9433,0.0444,0.1039,False,0.3608,,False
r8_c4_scaffold_de_novo_3helix_s0,r8_c4_scaffold_de_novo_3helix,scaffold_de_novo_3helix,MSEEEIEKRIKELEKRLEEFKRELEKLGKDKSELEPRIKELEKFIEELEALIKEIDKVIAKGYPEYEKYKKKVEELRKEVEKIRKELKEIREG,1.0602,0.9376,0.1505,0.1885,False,0.3552,,False
r7_c6_helix_strand_helix_s0,r7_c6_helix_strand_helix,helix_strand_helix,EGCEAAKKLVEKYLEEAKKLAEKKGLEGEVKVEIKLEGKGGAECEKYYKEGVEKVKKLYKEILE,1.2927,0.9386,0.1344,0.2079,False,0.3516,,False
r4_c4_helix_hairpin_s1,r4_c4_helix_hairpin,helix_hairpin,KEEEIKKIKEEAEKKIKEIKKELEAVIKKGGKGEEELKKKKEEYEKKIEEIKKEAEEELKKLKE,1.0811,0.9435,0.0938,0.1389,False,0.348,,False
r2_c6_helix_strand_helix_s0,r2_c6_helix_strand_helix,helix_strand_helix,AAAAREKAKALLKEIEKKLERALKGKGGNVEIKVEFKGAKPEGKKLAAELKAAAKKAKAEVKKA,1.1834,0.94,0.0531,0.1554,False,0.3475,,False
r7_c7_three_helix_bundle_s0,r7_c7_three_helix_bundle,three_helix_bundle,EEKVKKILEEAKKIAEEAVKECKKGGGEEKCKEGLKKAEEAAKKAKEEAKKGKGEGEKFEKEVEKYLKKVKEEIEKVK,0.827,0.9425,0.159,0.1664,False,0.3474,,False
r9_c7_scaffold_engrailed_hd_s2,r9_c7_scaffold_engrailed_hd,scaffold_engrailed_hd,SKPITFSEEQKKKLEERFAKNPYLSEEELEELSKELGLPKEQIKQWFEEQREKA,1.0959,0.9355,0.1185,0.1715,False,0.3474,,False
r7_c7_three_helix_bundle_s1,r7_c7_three_helix_bundle,three_helix_bundle,KEEVEKKKKEAKKICEKALKKCKEGKGEEECAKGLKECKKAYEKTKELCEKKKGEGEKCKKEMEEELKKVEKEIEKIK,0.9917,0.9404,0.159,0.1664,False,0.3468,,False
r9_c4_long_helix_capper_s1,r9_c4_long_helix_capper,long_helix_capper,AAAAAAEAAAAAAAAAAAAAAAAAAAAAAAAAAAAAAAAAAAAAAAAAAAAAAAAAAAAAAAAAA,0.8528,0.9493,0.0338,0.0764,True,0.3462,,False
r8_c5_scaffold_protA_bdomain_s3,r8_c5_scaffold_protA_bdomain,scaffold_protA_bdomain,EKKLKEEKGAKKGLEEAKKYPAIDKKELEEYLKKCEEDPSKCKEELKKIKKLYKKKAPKA,1.1898,0.9329,0.08,0.1591,False,0.3459,,False
r6_c3_helix_hairpin_s3,r6_c3_helix_hairpin,helix_hairpin,MECLEKVKKEYEKGKEKAKKKKEEAEKKVKGGGEKKEKEKAEEEVKKLEEEAKKKYEEGLKKCK,1.0283,0.9379,0.0688,0.1169,False,0.3454,,False
r7_c7_three_helix_bundle_s3,r7_c7_three_helix_bundle,three_helix_bundle,EKEVEEVKKKALEVCEKAIEKCKKGGGEEECKKGLEECKKAFEEAKKVCKEGGGKGEECAKELDKEFEKYKKEIEKIK,0.9731,0.9401,0.159,0.1664,False,0.3451,,False
r0_c2_scaffold_villin_s3,r0_c2_scaffold_villin,scaffold_villin,EPTPEEAKKLLGKTVEEFKTLSPEEQEKAYKERLKN,1.0208,0.9395,0.1167,0.1832,False,0.3439,,False
r8_c2_three_helix_bundle_s3,r8_c2_three_helix_bundle,three_helix_bundle,EAEKAEKLKEEIKKEAEKLEKKAQGKKEAAAALAKKAEEWKKKMEELIAKGGDGPYVKKVAEEIKKYGEKLAKKGKKA,1.1377,0.9372,0.0641,0.1624,False,0.3437,,False
r2_c2_scaffold_protA_bdomain_s0,r2_c2_scaffold_protA_bdomain,scaffold_protA_bdomain,EEEKKLEKGVKEKLEKAKTYPAINEEEKQKYIEECEKDPSNCEEKFKEIEKLYEEKKPEK,1.2431,0.9325,0.2533,0.2213,False,0.3429,,False
r1_c5_scaffold_engrailed_hd_s3,r1_c5_scaffold_engrailed_hd,scaffold_engrailed_hd,MEPITFTPEQLRVLEERFKENPYLSEEEIERLSKELGLPPEQIRQWFKERREKA,1.17,0.9409,0.1296,0.1753,False,0.341,,False
r2_c1_scaffold_protA_bdomain_s3,r2_c1_scaffold_protA_bdomain,scaffold_protA_bdomain,KKEEKEKKGKKEGLEEARKYPAINEEEKEKLIKECEENPSRCEELIKEIKKLYEEKKPKL,1.3294,0.9322,0.0833,0.115,False,0.3388,,False
r6_c0_helix_hairpin_s1,r6_c0_helix_hairpin,helix_hairpin,KKLEEAKKKIEKRKEEVEKEVKAAYEEIAKGAGGEKEAKEKIEKERKEKLEKIKKEEEEYLKLL,1.2099,0.9411,0.1125,0.1894,False,0.3374,,False
r8_c3_scaffold_villin_s2,r8_c3_scaffold_villin,scaffold_villin,KPTEEEVKKLIGKTYEEFLKLTEEEQKELYEKYLKE,1.0989,0.9427,0.1889,0.2735,False,0.3368,,False
r2_c2_scaffold_protA_bdomain_s3,r2_c2_scaffold_protA_bdomain,scaffold_protA_bdomain,SSTPKLAKGAEKRYEEAKTYPSIPKEELEELLKKCEEDPSNCEEEFEKIKELHEKKKPPK,1.3617,0.9293,0.2533,0.2213,False,0.3367,,False
r8_c5_scaffold_protA_bdomain_s1,r8_c5_scaffold_protA_bdomain,scaffold_protA_bdomain,SDESELEEGAEAGLKEAKTYPAIPREELDALLKKCEEDPSGCEEELKKIKELVAKKAPPA,1.3371,0.9316,0.08,0.1591,False,0.3367,,False
r0_c2_scaffold_villin_s1,r0_c2_scaffold_villin,scaffold_villin,VPTEEEAKKLIGKTVEEFLELSEEEQKEAYEKRLKK,1.1047,0.9388,0.1167,0.1832,False,0.3355,,False
r0_c3_long_helix_capper_s0,r0_c3_long_helix_capper,long_helix_capper,AAAAAAAAAAAAAAAAAAAAAAAAAAAAAEAAAAAAAAAAAAAAAAAAEAAAAAAAARAAAAAAA,0.908,0.9451,0.0246,0.0573,True,0.3355,,False
r1_c5_scaffold_engrailed_hd_s0,r1_c5_scaffold_engrailed_hd,scaffold_engrailed_hd,SPMIKFSKEQRKALEKEFAKNPILTEEEAKELSKKLGLPESQIRKWFANERKKA,1.1615,0.9351,0.1296,0.1753,False,0.3336,,False
r3_c2_scaffold_engrailed_hd_s3,r3_c2_scaffold_engrailed_hd,scaffold_engrailed_hd,PAPLTFSAAQRAALRREFARRPRLSPEARARLSRRLGLPARAIRQWFRARRRAA,1.0566,0.9378,0.1444,0.1985,False,0.3322,,False
r2_c2_scaffold_protA_bdomain_s1,r2_c2_scaffold_protA_bdomain,scaffold_protA_bdomain,EEEEEPREGAEAGLEEARTYPAVPREELEELLRRAEEDPEGALEELERIRALVAERAPPA,1.1843,0.9375,0.2533,0.2213,False,0.3321,,False
r8_c5_scaffold_protA_bdomain_s2,r8_c5_scaffold_protA_bdomain,scaffold_protA_bdomain,SATAAAAKGAEEGLKKAKTYPAISPEELQAYLEEAEKDPSGAEEQLKKIEALYKEKAPPE,1.3267,0.9347,0.08,0.1591,False,0.3317,,False
r5_c0_helix_hairpin_s2,r5_c0_helix_hairpin,helix_hairpin,EALAKALAEAAAKEEAGKKAEAEWKAAKAKGAAAAAAKAEAEAKAAAAKYKAEIEKILAAGAKA,1.1739,0.9346,0.1187,0.2287,False,0.3313,,False
r1_c0_scaffold_protA_bdomain_s2,r1_c0_scaffold_protA_bdomain,scaffold_protA_bdomain,EEEEEPEEGAEEGLKEAKTYPAIDPAEKEALLAEAEANPEGAEEAIKKIKELVAKKAPPA,1.2276,0.936,0.0833,0.1591,False,0.33,,False
r1_c5_scaffold_engrailed_hd_s2,r1_c5_scaffold_engrailed_hd,scaffold_engrailed_hd,RPPITLTAEQRAALRAEFARNPRLSAAERRRLSKELGLPEAEIRRWFRRERRRR,1.0659,0.9394,0.1296,0.1753,False,0.3299,,False
r1_c0_scaffold_protA_bdomain_s3,r1_c0_scaffold_protA_bdomain,scaffold_protA_bdomain,AAEPALEAGAKAAYEEAKTYPAIDPATLQALLKQAEEDPSGALALYKQAKALAAAKAPPA,1.305,0.9354,0.0833,0.1591,False,0.3288,,False
r8_c3_scaffold_villin_s1,r8_c3_scaffold_villin,scaffold_villin,VPTPEQCKKLIGTTLEEAKKLSPEEQKKLFEEKLKD,1.151,0.9343,0.1889,0.2735,False,0.3287,,False
r7_c5_scaffold_villin_s0,r7_c5_scaffold_villin,scaffold_villin,KPTKEEEKKALGKSYKEFLKLSKEEQEKAYEEKLKE,1.0868,0.9379,0.0833,0.1084,False,0.3279,,False
r7_c1_helix_strand_helix_s3,r7_c1_helix_strand_helix,helix_strand_helix,EEALERCRRAAEELLRRDEELAAGGGEGVVREEVRVEGGGEAAEECRRLYEEVLERHEELLARR,1.2532,0.9403,0.2375,0.2331,False,0.3276,,False
r6_c3_helix_hairpin_s0,r6_c3_helix_hairpin,helix_hairpin,MKCLKEAEERYKKGLKEAEEIKKKAEEEAKGKGKKELLEKGKKKVEELLKKAEEEYKKGLKECK,1.0358,0.9393,0.0688,0.1169,False,0.3264,,False
r1_c5_scaffold_engrailed_hd_s1,r1_c5_scaffold_engrailed_hd,scaffold_engrailed_hd,APAITLSPEQRAALEARFARNPVLSEKELARLSAELGLPAEQIRAWFARRREAA,1.0774,0.9386,0.1296,0.1753,False,0.3247,,False
r7_c6_helix_strand_helix_s3,r7_c6_helix_strand_helix,helix_strand_helix,AGYAAVLAVGAALLAAAAELAAAAALLGDVTLEVTVAGAGAAAAQAVAAAVVAEARARLAEIAA,1.2544,0.936,0.1344,0.2079,False,0.3243,,False
r3_c7_scaffold_engrailed_hd_s2,r3_c7_scaffold_engrailed_hd,scaffold_engrailed_hd,APPLTFTPEQLAALDARFAENPELSPEELEALSRELGLPAEQIRQWFEERRAAA,1.0144,0.9404,0.0815,0.1526,False,0.3237,,False
r7_c5_scaffold_villin_s3,r7_c5_scaffold_villin,scaffold_villin,EPTPEQEKKLLGKTYEEFLTLSPEEQEEAYKKNLSK,1.1602,0.9362,0.0833,0.1084,False,0.3231,,False
r1_c1_three_helix_bundle_s3,r1_c1_three_helix_bundle,three_helix_bundle,AGGAAGVAVGEALRAEFEAIAAKAGGAGEALLAEFAERRAAAEAKAAAALAGGAAAAAAAALAAIRAAAEEVVARGLK,1.1612,0.9381,0.0974,0.1161,False,0.321,,False
r0_c1_scaffold_engrailed_hd_s2,r0_c1_scaffold_engrailed_hd,scaffold_engrailed_hd,MAPITFTPEQLAKLDAKFAENPEISDEELKQLSKELGLPEEQIRQWFAERRKAA,1.0644,0.9401,0.1148,0.1415,False,0.3201,,False
r0_c7_scaffold_engrailed_hd_s1,r0_c7_scaffold_engrailed_hd,scaffold_engrailed_hd,PAPITLSAEQLAALDREFAKDPELSPERLEELSRELGLPPEQIRQYFERRRLEA,1.1595,0.9368,0.1667,0.2047,False,0.3198,,False
r8_c4_scaffold_de_novo_3helix_s2,r8_c4_scaffold_de_novo_3helix,scaffold_de_novo_3helix,MSKAQIEAELAALEARVAQVRAELALLGADRSALAPRIDALDALEAEIDAFVKRIDEAIALGHPEYEEYRKRAEALRKEVAAIRARLRALAAG,1.1258,0.9396,0.1505,0.1885,False,0.3198,,False
r7_c6_helix_strand_helix_s1,r7_c6_helix_strand_helix,helix_strand_helix,AGAAAVAAKGAAAAAAAEALAAAAGAGGDVEVTVTVAGAGAAAAAAKAAAAVAAVAERVEAALA,1.1742,0.9374,0.1344,0.2079,False,0.3194,,False
r2_c5_three_helix_bundle_s1,r2_c5_three_helix_bundle,three_helix_bundle,KEEEAEKKLKEVREKAKARWAAAAAPPAGVKEVAKWVKEEAKELKKEAEKGGGGPVGEKIKEEGEELVKEAEARLKAA,1.0026,0.9375,0.0974,0.1098,False,0.3192,,False
r9_c7_scaffold_engrailed_hd_s0,r9_c7_scaffold_engrailed_hd,scaffold_engrailed_hd,APPITLTPEQRAALEAEFARDPELSDERLAALSARLGLPPEQIRAWFAAARARA,0.9706,0.9392,0.1185,0.1715,False,0.3153,,False
r2_c6_helix_strand_helix_s1,r2_c6_helix_strand_helix,helix_strand_helix,VDEAKEAAAKLRAEIAAKLEAALAGAGGEVTITVEFKAGEPVGKELAAALAAEAAAALAAVAAA,1.1946,0.9413,0.0531,0.1554,False,0.3146,,False
r0_c1_scaffold_engrailed_hd_s0,r0_c1_scaffold_engrailed_hd,scaffold_engrailed_hd,APPITLSAEQRAKLEARFAENPELTPEELARLSKELGIPPEQIRAWFAARRAAA,1.0324,0.9379,0.1148,0.1415,False,0.314,,False
r9_c5_scaffold_de_novo_3helix_s1,r9_c5_scaffold_de_novo_3helix,scaffold_de_novo_3helix,LSPAAIAARLAAFRERLAQFEADLATLGADPAALAPRIEELDAFVAELDAFVAELDAAAAQGHPEYAAYRDEARALRARVAAIRARLRAEREG,1.0509,0.9369,0.0344,0.1038,False,0.314,,False
r8_c6_helix_hairpin_s1,r8_c6_helix_hairpin,helix_hairpin,ALAALEERRAAIEAELAARRAAVEAALAAAGAAGPAEAAAIKAELAAEEAALRAELAEEEARLE,1.2181,0.9459,0.0219,0.0748,False,0.3138,,False
r1_c2_scaffold_engrailed_hd_s3,r1_c2_scaffold_engrailed_hd,scaffold_engrailed_hd,KKPIVFTPEQLKKLKEKFAENPILSKEERRELSKELGLPEEQIRQWFEQQRKAA,1.1728,0.9363,0.2037,0.2151,False,0.3137,,False
r7_c1_helix_strand_helix_s0,r7_c1_helix_strand_helix,helix_strand_helix,EEALKKCEKEVKKLKEIYKKLKEGGGSGEVEIEVKVEGGGPAKEKCKKLEEEVKKIAEKIKKEL,1.288,0.9382,0.2375,0.2331,False,0.3132,,False
r4_c1_helix_hairpin_s1,r4_c1_helix_hairpin,helix_hairpin,LGKKIGKIIGKIGKIIGKILAIIGKIIGKIGGGGGGGKLGKKIGKIGKIIGKILAIIGKKIGEK,0.7375,0.9455,0.0594,0.1151,False,0.3119,,False
r7_c7_three_helix_bundle_s2,r7_c7_three_helix_bundle,three_helix_bundle,SAAVAEVRAEALAVAEAALEACAAGGGPAECAAGLAAARAAFRRAKALAREGGGAAEAVAAEMEAQLAAFQARVEAVR,1.2037,0.9383,0.159,0.1664,False,0.311,,False
r0_c7_scaffold_engrailed_hd_s0,r0_c7_scaffold_engrailed_hd,scaffold_engrailed_hd,PAPITLSPEQLAALDARYAENPILSPEELKALSEELGLPEEQIRQWFKERNKAA,1.0753,0.9345,0.1667,0.2047,False,0.3106,,False
r1_c3_scaffold_engrailed_hd_s3,r1_c3_scaffold_engrailed_hd,scaffold_engrailed_hd,AAPITFSPEQKAALEAEFAKNPELSPEQEAALSKELGLPASAIRAWFAKRRAEA,1.0933,0.9398,0.1,0.1803,False,0.3104,,False
r6_c2_helix_hairpin_s2,r6_c2_helix_hairpin,helix_hairpin,LEELIEKIKKILEKIKEILKEIIAILKEKAGKKLGEEKIKEILKKILKELKEIKEKIEKIIKEL,1.4194,0.9411,0.1187,0.1631,False,0.3099,,False
r5_c3_helix_hairpin_s3,r5_c3_helix_hairpin,helix_hairpin,AGKAAVAAAKAKAAAIKAKGEAEVAAAKAKAAAGAAEAAAAKAKAAAAAKAAEAEVEKVKAAAE,0.8994,0.9412,0.1156,0.1985,False,0.309,,False
r8_c2_three_helix_bundle_s0,r8_c2_three_helix_bundle,three_helix_bundle,AAAEAAELAKARAAEAAAIAAKAAGAPGAAAALAAAAAAWAAEADARLAAGGDGAAAKEAAAAVKARGKAAAAAGRAA,1.1549,0.9334,0.0641,0.1624,False,0.3088,,False
r3_c7_scaffold_engrailed_hd_s1,r3_c7_scaffold_engrailed_hd,scaffold_engrailed_hd,PPPLVLSPEQRAALEARFAENPELSPEEAEALSRELGLPVEEIRRWFAERRRAA,0.9626,0.9414,0.0815,0.1526,False,0.3083,,False
r4_c3_three_helix_bundle_s1,r4_c3_three_helix_bundle,three_helix_bundle,AEAAKAEVKARLDALVAEARAIAAGGAAAGAAAYAAAAAEGAKVGEEFKAKGDGEIGEEVAAYCAELAAKLAAEVAAL,1.1006,0.9355,0.0385,0.0656,False,0.3078,,False
r3_c7_scaffold_engrailed_hd_s3,r3_c7_scaffold_engrailed_hd,scaffold_engrailed_hd,TPPLTFTEEQLAALEARFAENPVLTPEELKELSAELGLPEEQLRQWFAARREEA,1.0701,0.9374,0.0815,0.1526,False,0.3077,,False
r3_c6_helix_hairpin_s2,r3_c6_helix_hairpin,helix_hairpin,ATAAALLAAGKAAAAALLAAADAIVAAGAAGAGGGAAAAKAIADAIKAAAAAGLAAAKAKAAEL,1.1511,0.9402,0.0906,0.145,False,0.3074,,False
r3_c6_helix_hairpin_s1,r3_c6_helix_hairpin,helix_hairpin,AAAAALLAAAEAAAAARAAEAAALLAAGAEGAAAARAAARAAAAALRAAAAAELEAARAEAAAL,1.0051,0.9435,0.0906,0.145,False,0.3072,,False
r7_c6_helix_strand_helix_s2,r7_c6_helix_strand_helix,helix_strand_helix,AGLAAVRAQLAALREEAERLAAAAGAPGALTVAVAIAGAGGAAARAIAAAGVAEVRAAVEAIAA,1.2985,0.94,0.1344,0.2079,False,0.303,,False
r7_c1_helix_strand_helix_s2,r7_c1_helix_strand_helix,helix_strand_helix,APLAEQCLAAAEERRARIEELAAGGGGGVVWEEVVVEAGGPLAEQCEAARAEVLERARRALAER,1.2077,0.9371,0.2375,0.2331,False,0.3028,,False
r6_c2_helix_hairpin_s1,r6_c2_helix_hairpin,helix_hairpin,LEKLLKLIKKLLKKIKKLKKKLKKKYKKKKEKKGKKKKKKKLKKKLKKLKKKLLKKILKLLLKL,1.3905,0.9386,0.1187,0.1631,False,0.3015,,False
r7_c1_helix_strand_helix_s1,r7_c1_helix_strand_helix,helix_strand_helix,SEAYEECLKKCEELLKYYEELKAGGGGGVVEVEVKVEGGGEAAEECKKKYEEVLEYKKKLLEEL,1.3503,0.9391,0.2375,0.2331,False,0.3011,,False
r8_c7_helix_hairpin_s1,r8_c7_helix_hairpin,helix_hairpin,AAARAAVEAALEAERAALEAERARALAAAAGGAAAAALRAAAAALERRAAAAEAAAEARLAALA,1.1955,0.9436,0.1062,0.1587,False,0.3008,,False
r7_c4_helix_hairpin_s1,r7_c4_helix_hairpin,helix_hairpin,AAAAAKEAAAAAKAEIDAAAAAAAAAAAAGGAAGAAAAAAAAAKAAAAEKKAAVEAALAAALAE,0.9983,0.9444,0.0406,0.1212,False,0.3,,False
r2_c1_scaffold_protA_bdomain_s0,r2_c1_scaffold_protA_bdomain,scaffold_protA_bdomain,AASDAPEAGAAEALAAVRTLPAVPPSELAALVARALADPSGAAAVAAEARALAAAHAPPA,1.317,0.9391,0.0833,0.115,False,0.298,,False
r3_c6_helix_hairpin_s0,r3_c6_helix_hairpin,helix_hairpin,AAAAALIAAAAAAAAAVAAAADALLAAGAAGAGAAAAAAAAAAAALRAAAAAAAEAAAAAAAAL,0.9605,0.9407,0.0906,0.145,False,0.2962,,False
r1_c3_scaffold_engrailed_hd_s1,r1_c3_scaffold_engrailed_hd,scaffold_engrailed_hd,APPITFTPEQLAALDAEFAKDPVLSPEKIAALSAELGLPPEQIRDWFAKRRAAA,1.035,0.9376,0.1,0.1803,False,0.296,,False
r1_c2_scaffold_engrailed_hd_s1,r1_c2_scaffold_engrailed_hd,scaffold_engrailed_hd,AAPITLSPAQLAELDAAYALNPTLSAAERRALSKRLGLPEAQIRQWFEQRNAAA,1.1583,0.9354,0.2037,0.2151,False,0.293,,False
r2_c1_scaffold_protA_bdomain_s1,r2_c1_scaffold_protA_bdomain,scaffold_protA_bdomain,AAAARAAAGAAERLAAARTYPAVPEAELAALLAAAEADPTGAEAALDAAEALAAAAKPPA,1.1432,0.938,0.0833,0.115,False,0.292,,False
r9_c2_helix_hairpin_s1,r9_c2_helix_hairpin,helix_hairpin,LAERLAALAEELAALLAELLAALAAAAAALGGAAGPARAAALLAELLKALAELLAALAALLEAL,1.4004,0.9414,0.0437,0.1178,False,0.2878,,False
r8_c2_three_helix_bundle_s1,r8_c2_three_helix_bundle,three_helix_bundle,AAAAAAAAAAAVRAEVAAVRAAAAGGAAAAAALAALAEARKAAAAAALKAGGAGPVAAAVAAEVAAAGDAAAAEGAAA,1.0664,0.9398,0.0641,0.1624,False,0.2871,,False
r8_c1_helix_hairpin_s0,r8_c1_helix_hairpin,helix_hairpin,KAAVEAAKKAQEQGKAAGEQAAAKAAAAGAAAAAAAGAAAVAAGKAAQAQAVAAGEQAAAAAAA,0.9646,0.9415,0.075,0.159,False,0.2855,,False
r8_c1_helix_hairpin_s2,r8_c1_helix_hairpin,helix_hairpin,AAAVAAAAAAQAAGVAAGKAAAAEAAAKGAAAAAAAAAAAVAAAKAAKAAAKAAGKAAAAAAAA,0.8229,0.9405,0.075,0.159,False,0.2847,,False
r9_c6_long_helix_capper_s2,r9_c6_long_helix_capper,long_helix_capper,LLALLLALLALLKALLELLKKAELAAAKALLELLKKAELEAAKKKLELEKEKEKKKEEERKLKEL,1.3884,0.9457,0.0462,0.0796,False,0.2843,,False
r5_c3_helix_hairpin_s2,r5_c3_helix_hairpin,helix_hairpin,AGAAAVAAAKAAAAERAAAGKAEVAAAEAAGAAGAAAAAAAKAAAAAAAAAGKAEVEAVAAAAA,0.8483,0.9426,0.1156,0.1985,False,0.2842,,False
r6_c0_helix_hairpin_s3,r6_c0_helix_hairpin,helix_hairpin,ALAAAAREALAARRAAVAAAAAAALAALAAGGGAPAAAAAAAAARVAAAYAAIEAEAAAAEAAL,1.1052,0.9373,0.1125,0.1894,False,0.283,,False
r9_c2_helix_hairpin_s0,r9_c2_helix_hairpin,helix_hairpin,LLELLKKLLEEVRKLLEEVVAAVEEALAAAGAGGAAERLAELLKELEKALKEVVEKVKELLAKL,1.5494,0.9449,0.0437,0.1178,False,0.2823,,False
r7_c5_scaffold_villin_s2,r7_c5_scaffold_villin,scaffold_villin,APTPEQAAALLGGTVAEFRTLSPAEQEAAWRRALRG,1.0847,0.9402,0.0833,0.1084,False,0.2799,,False
r5_c0_helix_hairpin_s1,r5_c0_helix_hairpin,helix_hairpin,AALAAAAAAAAAVAAAAEAAAAAAAAAIAAGGAGAAAAAREAAAAAAAAAAAEAAAVAAEGAAL,1.0042,0.938,0.1187,0.2287,False,0.2797,,False
r9_c3_long_helix_capper_s0,r9_c3_long_helix_capper,long_helix_capper,AAAAAAAAAAAAAAAAAARLAAAAARAAAEAARRLEEEAARAAEEERRRLEEERRREEEREREAR,1.1759,0.9475,0.0462,0.0822,False,0.2793,,False
r6_c6_helix_hairpin_s3,r6_c6_helix_hairpin,helix_hairpin,SGAAVGKKIGAAGKAVGAAAGAAGAAIGKAGGGGAGAAAGAAIGAAGKAIGAAAGAAGAKIGAK,0.6842,0.94,0.1062,0.1596,False,0.2771,,False
r9_c2_helix_hairpin_s3,r9_c2_helix_hairpin,helix_hairpin,LLEELKKLIEEIKKLIELLLEKIKKILAEAGLLLGPAKLLAIIKEILEKIKELLEEIKKKLEEL,1.4438,0.9396,0.0437,0.1178,False,0.2742,,False
r6_c7_helix_hairpin_s1,r6_c7_helix_hairpin,helix_hairpin,SLGAIVGAIGKIIGAVGVAIGAIIGALGAAGGGGAAGAAAGAIGVAIGKVIGAIGAAIGAKVAA,0.9355,0.9361,0.0875,0.1325,False,0.2724,,False
r6_c7_helix_hairpin_s2,r6_c7_helix_hairpin,helix_hairpin,ALGAAVAAAGAAVGAAGVAAGVAVGAAGGGGGGGGAGGAAGGAGVAAGAAVGAAGAAVGAAVAA,0.6558,0.9453,0.0875,0.1325,False,0.2695,,False
r5_c6_long_helix_capper_s3,r5_c6_long_helix_capper,long_helix_capper,GAAAAAAAAAAAAAAAAAEAAAAAAAAAAAAAAAAAAAALAAALAAAAAAAAALAALAAAALALA,1.0394,0.9434,0.0646,0.1219,False,0.2692,,False
r6_c6_helix_hairpin_s1,r6_c6_helix_hairpin,helix_hairpin,GGLAIGGALGAIGKIIGAILGKIGGIIGKKGGGGGGGGLGGALGAIGKIIGAILGKIGAIIGKL,0.8298,0.9449,0.1062,0.1596,False,0.269,,False
r4_c0_helix_hairpin_s0,r4_c0_helix_hairpin,helix_hairpin,AAGAAIGAAGKAIGAAAGAAGKAIGKAGAAGGGGGGAALGKAGKALGAAVGAAGKLIGAAAKAA,0.7916,0.9373,0.0531,0.1481,False,0.2688,,False
r6_c3_helix_hairpin_s2,r6_c3_helix_hairpin,helix_hairpin,DAAAAAAEAAAAAAEAAAAEAAAAGAAAAAGGGAAAAAAAAAAAVAAARAAGAEAAAAGRAAAA,0.9584,0.9426,0.0688,0.1169,False,0.2636,,False
r8_c1_helix_hairpin_s3,r8_c1_helix_hairpin,helix_hairpin,AAAVAAAAAAGAAAVAAGAAAAAAAAAAGAGGAAAAAAAAVAAGAAAAAAGAAAGAAAAAAAAA,0.7164,0.946,0.075,0.159,False,0.2621,,False
r6_c7_helix_hairpin_s3,r6_c7_helix_hairpin,helix_hairpin,ALGAAVAAAGAAAGAAGVAAGVAVGAAGAAGGGKAAGAAAGAAGVAAGAAVGAAGVAVGAAVAA,0.6688,0.9421,0.0875,0.1325,False,0.2598,,False
r8_c5_scaffold_protA_bdomain_s0,r8_c5_scaffold_protA_bdomain,scaffold_protA_bdomain,AAAAAAAAGAAAGLAAARALPAVDPAELAAALAAAEADPAGAAAALAAIAALAAARAPPA,0.9821,0.9418,0.08,0.1591,False,0.2585,,False
r5_c1_helix_hairpin_s3,r5_c1_helix_hairpin,helix_hairpin,AAAALAAVLAALAAALARLAAALIAALEAGGLAGAEEAAAALEALLAALAAALEALAAALAALA,1.3759,0.9398,0.0281,0.1251,False,0.2584,,False
r8_c1_helix_hairpin_s1,r8_c1_helix_hairpin,helix_hairpin,AAAVAAAAAAAAAGAAAGAAAAAAAAAAGAAGAAAAGAAAVAAGAAAAAAAAAAGAAAAAAAAA,0.6782,0.9451,0.075,0.159,False,0.2574,,False
r4_c0_helix_hairpin_s3,r4_c0_helix_hairpin,helix_hairpin,AAGAVVGAAGAAAGAAGGAAGKAIGAAGAAGGGGGGAGVGGVGAGIGAAVGAAGKAIGAAAIAA,0.7602,0.941,0.0531,0.1481,False,0.2571,,False
r6_c7_helix_hairpin_s0,r6_c7_helix_hairpin,helix_hairpin,ALGALVAAAGAAAGAAGVAAGVAVGAAGLLGGGAAAGAAAGAAGVAAGAAVGAAGAAVGAAVAA,0.7003,0.9434,0.0875,0.1325,False,0.2553,,False
r5_c1_helix_hairpin_s2,r5_c1_helix_hairpin,helix_hairpin,AAAALAAALAALAAALAELAEAVAAALAAAGALAPAAFVALLAAALAALAALLAALLEALAAAL,1.3256,0.942,0.0281,0.1251,False,0.2549,,False
r6_c3_helix_hairpin_s1,r6_c3_helix_hairpin,helix_hairpin,AAALAAALAAAAAGAAAAAALAAAAAALAAGGAAAALAAAGAAAVAAARAAAAAALAAGLAAAA,0.9033,0.9459,0.0688,0.1169,False,0.2535,,False
r7_c0_helix_hairpin_s0,r7_c0_helix_hairpin,helix_hairpin,AAAAALAARAAAGAAAAAAAAAAAAAAAAAGAAGAAAGAAAAAAAKAAAAAAAAAAAAALAAAA,0.9688,0.9388,0.125,0.1526,False,0.249,,False
r5_c7_helix_strand_helix_s3,r5_c7_helix_strand_helix,helix_strand_helix,AAGAAAAAAGVALGAAAIAAALAGGGPPLTVTVAVAGGGGAAAGAAGAAIAAALQAIALALRLA,1.0875,0.9368,0.2062,0.2305,False,0.2469,,False
r5_c7_helix_strand_helix_s1,r5_c7_helix_strand_helix,helix_strand_helix,AAGAAAAAAGAALGAAAIAAAAAGGGAPAVVAVAVAAGGGAAAGAAGAAAAAAAAAVALALAAA,0.9434,0.9406,0.2062,0.2305,False,0.2463,,False
r4_c0_helix_hairpin_s1,r4_c0_helix_hairpin,helix_hairpin,AAGAAVGAAGAAAGAAAAAAGAAVGAAGAAGAGAGGAAVGAAGAAAGAAAAAAGAAIGAAAAAA,0.5586,0.9462,0.0531,0.1481,False,0.2452,,False
r5_c7_helix_strand_helix_s2,r5_c7_helix_strand_helix,helix_strand_helix,LLGLLGGLLGVLVGIAQILLALLGGLPPLLLRVLLSGGGGPLLGLLLGLIALLLQLLALLLFLL,1.2669,0.9295,0.2062,0.2305,False,0.2376,,False
r5_c7_helix_strand_helix_s0,r5_c7_helix_strand_helix,helix_strand_helix,LLGLLLGLLLVVIGLLLIVLALLGGGPPLVVVVLVLGGGGPLLGLLGLVVGLILQLIALLLRLL,1.2281,0.9371,0.2062,0.2305,False,0.2371,,False
r4_c1_helix_hairpin_s3,r4_c1_helix_hairpin,helix_hairpin,IGEKIGKIIGIIGKIIGVILAIIGIIIGIIGGGGGGVILGIIIGIIGIIIGIILAVIGKIIGKL,0.8364,0.9376,0.0594,0.1151,False,0.2283,,False
r4_c1_helix_hairpin_s0,r4_c1_helix_hairpin,helix_hairpin,MGALIGIIIGIIGIIIGIILAIIGILIGLIGGGGLGAILGIIIGIIGIIIGIILAIVGIIIGKL,0.8395,0.9439,0.0594,0.1151,False,0.2252,,False
r6_c6_helix_hairpin_s0,r6_c6_helix_hairpin,helix_hairpin,AGLALGGALGALGAAIGAVLGAIGGAIGAAGGGGAGGALGGALGAAGAAVGAALGALGLAIGLA,0.751,0.9374,0.1062,0.1596,False,0.2188,,False
r4_c1_helix_hairpin_s2,r4_c1_helix_hairpin,helix_hairpin,LLIIIGIIIGIIGVIIGIILGLIGIIIGIIGGAGGGAVLGIIIGIIGLIIGIILGIIGIIIGIL,0.8248,0.9398,0.0594,0.1151,False,0.2106,,False
r5_c1_helix_hairpin_s1,r5_c1_helix_hairpin,helix_hairpin,FLLLLLLLLLLLVILLILLALLLLLLILLGGGSGGLAALLLLLLLLLLLLLLLLELLQLLLLLL,1.5031,0.9293,0.0281,0.1251,False,0.1869,,False
